-- MySQL dump 10.13  Distrib 5.5.29, for debian-linux-gnu (i686)
--
-- Host: localhost    Database: grandt
-- ------------------------------------------------------
-- Server version	5.5.29-0ubuntu0.12.04.1

/*!40101 SET @OLD_CHARACTER_SET_CLIENT=@@CHARACTER_SET_CLIENT */;
/*!40101 SET @OLD_CHARACTER_SET_RESULTS=@@CHARACTER_SET_RESULTS */;
/*!40101 SET @OLD_COLLATION_CONNECTION=@@COLLATION_CONNECTION */;
/*!40101 SET NAMES utf8 */;
/*!40103 SET @OLD_TIME_ZONE=@@TIME_ZONE */;
/*!40103 SET TIME_ZONE='+00:00' */;
/*!40014 SET @OLD_UNIQUE_CHECKS=@@UNIQUE_CHECKS, UNIQUE_CHECKS=0 */;
/*!40014 SET @OLD_FOREIGN_KEY_CHECKS=@@FOREIGN_KEY_CHECKS, FOREIGN_KEY_CHECKS=0 */;
/*!40101 SET @OLD_SQL_MODE=@@SQL_MODE, SQL_MODE='NO_AUTO_VALUE_ON_ZERO' */;
/*!40111 SET @OLD_SQL_NOTES=@@SQL_NOTES, SQL_NOTES=0 */;

--
-- Table structure for table `clubs`
--

DROP TABLE IF EXISTS `clubs`;
/*!40101 SET @saved_cs_client     = @@character_set_client */;
/*!40101 SET character_set_client = utf8 */;
CREATE TABLE `clubs` (
  `id` int(11) NOT NULL AUTO_INCREMENT,
  `nombre` varchar(255) COLLATE utf8_unicode_ci DEFAULT NULL,
  `apodo` varchar(255) COLLATE utf8_unicode_ci DEFAULT NULL,
  `created_at` datetime NOT NULL,
  `updated_at` datetime NOT NULL,
  PRIMARY KEY (`id`)
) ENGINE=InnoDB AUTO_INCREMENT=21 DEFAULT CHARSET=utf8 COLLATE=utf8_unicode_ci;
/*!40101 SET character_set_client = @saved_cs_client */;

--
-- Dumping data for table `clubs`
--

LOCK TABLES `clubs` WRITE;
/*!40000 ALTER TABLE `clubs` DISABLE KEYS */;
INSERT INTO `clubs` VALUES (1,'Boca Juniors','El Xeneize','2013-03-11 11:21:58','2013-03-11 11:26:01'),(2,'Lanús','Granate','2013-03-11 11:22:10','2013-03-11 11:22:10'),(3,'Independiente','El Rojo','2013-03-11 11:22:31','2013-03-11 11:22:31'),(4,'San Lorenzo','Los Cuervos','2013-03-11 11:22:43','2013-03-11 11:22:43'),(5,'Racing','Academia','2013-03-11 11:23:02','2013-03-11 11:23:02'),(6,'River Plate','Millonarios','2013-03-11 11:24:09','2013-03-11 11:24:09'),(7,'Newells','La Lepra','2013-03-11 11:24:45','2013-03-11 11:24:45'),(8,'Velez','El Fortín','2013-03-11 11:25:07','2013-03-11 11:25:07'),(9,'Arsenal','','2013-03-11 11:25:15','2013-03-11 11:25:15'),(10,'Atlético Rafaela','La Crema','2013-03-11 11:25:31','2013-03-11 11:25:31'),(11,'Belgrano','El Pirata','2013-03-11 11:25:44','2013-03-11 11:25:44'),(12,'Estudiantes','El Pincha','2013-03-11 11:26:17','2013-03-11 11:26:17'),(13,'Godoy Cruz','El Tomba','2013-03-11 11:26:45','2013-03-11 11:26:45'),(14,'Tigre','El Matador','2013-03-11 11:26:55','2013-03-11 11:26:55'),(15,'All Boys','El Allbo','2013-03-11 11:27:14','2013-03-11 11:53:27'),(16,'Quilmes','El Cervecero','2013-03-11 11:27:28','2013-03-11 11:27:28'),(17,'Colón','El Sabalero','2013-03-11 11:27:46','2013-03-11 11:27:46'),(18,'Unión','El Tatengue','2013-03-11 11:28:01','2013-03-11 11:28:01'),(19,'San Martín de San Juan','','2013-03-11 11:28:17','2013-03-11 11:28:17'),(20,'Argentinos','El Bicho','2013-03-11 11:30:21','2013-03-11 11:30:21');
/*!40000 ALTER TABLE `clubs` ENABLE KEYS */;
UNLOCK TABLES;

--
-- Table structure for table `configuracions`
--

DROP TABLE IF EXISTS `configuracions`;
/*!40101 SET @saved_cs_client     = @@character_set_client */;
/*!40101 SET character_set_client = utf8 */;
CREATE TABLE `configuracions` (
  `id` int(11) NOT NULL AUTO_INCREMENT,
  `created_at` datetime NOT NULL,
  `updated_at` datetime NOT NULL,
  PRIMARY KEY (`id`)
) ENGINE=InnoDB DEFAULT CHARSET=utf8 COLLATE=utf8_unicode_ci;
/*!40101 SET character_set_client = @saved_cs_client */;

--
-- Dumping data for table `configuracions`
--

LOCK TABLES `configuracions` WRITE;
/*!40000 ALTER TABLE `configuracions` DISABLE KEYS */;
/*!40000 ALTER TABLE `configuracions` ENABLE KEYS */;
UNLOCK TABLES;

--
-- Table structure for table `equipo_fechas`
--

DROP TABLE IF EXISTS `equipo_fechas`;
/*!40101 SET @saved_cs_client     = @@character_set_client */;
/*!40101 SET character_set_client = utf8 */;
CREATE TABLE `equipo_fechas` (
  `id` int(11) NOT NULL AUTO_INCREMENT,
  `equipo_id` int(11) DEFAULT NULL,
  `jugador_id` int(11) DEFAULT NULL,
  `fecha_id` int(11) DEFAULT NULL,
  `fecha_desde` date DEFAULT NULL,
  `fecha_hasta` date DEFAULT NULL,
  `created_at` datetime NOT NULL,
  `updated_at` datetime NOT NULL,
  PRIMARY KEY (`id`)
) ENGINE=InnoDB DEFAULT CHARSET=utf8 COLLATE=utf8_unicode_ci;
/*!40101 SET character_set_client = @saved_cs_client */;

--
-- Dumping data for table `equipo_fechas`
--

LOCK TABLES `equipo_fechas` WRITE;
/*!40000 ALTER TABLE `equipo_fechas` DISABLE KEYS */;
/*!40000 ALTER TABLE `equipo_fechas` ENABLE KEYS */;
UNLOCK TABLES;

--
-- Table structure for table `equipos`
--

DROP TABLE IF EXISTS `equipos`;
/*!40101 SET @saved_cs_client     = @@character_set_client */;
/*!40101 SET character_set_client = utf8 */;
CREATE TABLE `equipos` (
  `id` int(11) NOT NULL AUTO_INCREMENT,
  `nombre` varchar(255) COLLATE utf8_unicode_ci DEFAULT NULL,
  `participante_id` int(11) DEFAULT NULL,
  `created_at` datetime NOT NULL,
  `updated_at` datetime NOT NULL,
  PRIMARY KEY (`id`)
) ENGINE=InnoDB AUTO_INCREMENT=8 DEFAULT CHARSET=utf8 COLLATE=utf8_unicode_ci;
/*!40101 SET character_set_client = @saved_cs_client */;

--
-- Dumping data for table `equipos`
--

LOCK TABLES `equipos` WRITE;
/*!40000 ALTER TABLE `equipos` DISABLE KEYS */;
INSERT INTO `equipos` VALUES (4,'Los Capusottos',1,'2013-04-11 15:54:25','2013-04-11 15:54:25'),(7,'otro ',2,'2013-05-03 15:08:41','2013-05-03 15:08:41');
/*!40000 ALTER TABLE `equipos` ENABLE KEYS */;
UNLOCK TABLES;

--
-- Table structure for table `estados`
--

DROP TABLE IF EXISTS `estados`;
/*!40101 SET @saved_cs_client     = @@character_set_client */;
/*!40101 SET character_set_client = utf8 */;
CREATE TABLE `estados` (
  `id` int(11) NOT NULL AUTO_INCREMENT,
  `titular` tinyint(1) DEFAULT NULL,
  `no_suma_puntos` tinyint(1) DEFAULT NULL,
  `capitan` tinyint(1) DEFAULT NULL,
  `goles` int(11) DEFAULT NULL,
  `goles_de_penal` int(11) DEFAULT NULL,
  `figura` tinyint(1) DEFAULT NULL,
  `chenemigo` tinyint(1) DEFAULT NULL,
  `roja` tinyint(1) DEFAULT NULL,
  `valla_invicta` tinyint(1) DEFAULT NULL,
  `penales_errados` int(11) DEFAULT NULL,
  `penales_atajados` int(11) DEFAULT NULL,
  `puntaje_dario` float DEFAULT NULL,
  `puntaje_total_fecha` float DEFAULT NULL,
  `fecha_id` int(11) DEFAULT NULL,
  `jugador_id` int(11) DEFAULT NULL,
  `created_at` datetime NOT NULL,
  `updated_at` datetime NOT NULL,
  PRIMARY KEY (`id`)
) ENGINE=InnoDB DEFAULT CHARSET=utf8 COLLATE=utf8_unicode_ci;
/*!40101 SET character_set_client = @saved_cs_client */;

--
-- Dumping data for table `estados`
--

LOCK TABLES `estados` WRITE;
/*!40000 ALTER TABLE `estados` DISABLE KEYS */;
/*!40000 ALTER TABLE `estados` ENABLE KEYS */;
UNLOCK TABLES;

--
-- Table structure for table `fechas`
--

DROP TABLE IF EXISTS `fechas`;
/*!40101 SET @saved_cs_client     = @@character_set_client */;
/*!40101 SET character_set_client = utf8 */;
CREATE TABLE `fechas` (
  `id` int(11) NOT NULL AUTO_INCREMENT,
  `numero` int(11) DEFAULT NULL,
  `nombre_torneo` varchar(255) COLLATE utf8_unicode_ci DEFAULT NULL,
  `fecha_desde` datetime DEFAULT NULL,
  `fecha_hasta` datetime DEFAULT NULL,
  `created_at` datetime NOT NULL,
  `updated_at` datetime NOT NULL,
  PRIMARY KEY (`id`)
) ENGINE=InnoDB DEFAULT CHARSET=utf8 COLLATE=utf8_unicode_ci;
/*!40101 SET character_set_client = @saved_cs_client */;

--
-- Dumping data for table `fechas`
--

LOCK TABLES `fechas` WRITE;
/*!40000 ALTER TABLE `fechas` DISABLE KEYS */;
/*!40000 ALTER TABLE `fechas` ENABLE KEYS */;
UNLOCK TABLES;

--
-- Table structure for table `jugador_equipos`
--

DROP TABLE IF EXISTS `jugador_equipos`;
/*!40101 SET @saved_cs_client     = @@character_set_client */;
/*!40101 SET character_set_client = utf8 */;
CREATE TABLE `jugador_equipos` (
  `id` int(11) NOT NULL AUTO_INCREMENT,
  `equipo_id` int(11) DEFAULT NULL,
  `jugador_id` int(11) DEFAULT NULL,
  `fecha_desde` date DEFAULT NULL,
  `fecha_hasta` date DEFAULT NULL,
  `created_at` datetime NOT NULL,
  `updated_at` datetime NOT NULL,
  PRIMARY KEY (`id`)
) ENGINE=InnoDB AUTO_INCREMENT=23 DEFAULT CHARSET=utf8 COLLATE=utf8_unicode_ci;
/*!40101 SET character_set_client = @saved_cs_client */;

--
-- Dumping data for table `jugador_equipos`
--

LOCK TABLES `jugador_equipos` WRITE;
/*!40000 ALTER TABLE `jugador_equipos` DISABLE KEYS */;
INSERT INTO `jugador_equipos` VALUES (1,4,746,NULL,NULL,'2013-04-12 12:25:24','2013-04-12 12:25:24'),(2,4,776,NULL,NULL,'2013-04-12 12:25:24','2013-04-12 12:25:24'),(3,4,829,NULL,NULL,'2013-04-12 12:25:24','2013-04-12 12:25:24'),(4,4,830,NULL,NULL,'2013-04-12 12:25:24','2013-04-12 12:25:24'),(5,4,833,NULL,NULL,'2013-04-12 12:25:24','2013-04-12 12:25:24'),(6,4,840,NULL,NULL,'2013-04-12 12:25:24','2013-04-12 12:25:24'),(7,4,850,NULL,NULL,'2013-04-12 12:25:24','2013-04-12 12:25:24'),(8,4,854,NULL,NULL,'2013-04-12 12:25:24','2013-04-12 12:25:24'),(9,4,862,NULL,NULL,'2013-04-12 12:25:24','2013-04-12 12:25:24'),(10,4,864,NULL,NULL,'2013-04-12 12:25:24','2013-04-12 12:25:24'),(11,4,903,NULL,NULL,'2013-04-12 12:25:25','2013-04-12 12:25:25'),(12,4,936,NULL,NULL,'2013-04-12 12:25:25','2013-04-12 12:25:25'),(13,4,944,NULL,NULL,'2013-04-12 12:25:25','2013-04-12 12:25:25'),(14,4,968,NULL,NULL,'2013-04-12 12:25:25','2013-04-12 12:25:25'),(15,4,1020,NULL,NULL,'2013-04-12 12:25:25','2013-04-12 12:25:25'),(16,4,1032,NULL,NULL,'2013-04-12 12:25:25','2013-04-12 12:25:25'),(17,4,1045,NULL,NULL,'2013-04-12 12:25:25','2013-04-12 12:25:25'),(18,4,1048,NULL,NULL,'2013-04-12 12:25:25','2013-04-12 12:25:25'),(19,4,1058,NULL,NULL,'2013-04-12 12:25:25','2013-04-12 12:25:25'),(20,4,1119,NULL,NULL,'2013-04-12 12:25:25','2013-04-12 12:25:25'),(21,4,1303,NULL,NULL,'2013-04-12 12:25:25','2013-04-12 12:25:25'),(22,4,1325,NULL,NULL,'2013-04-12 12:25:25','2013-04-12 12:25:25');
/*!40000 ALTER TABLE `jugador_equipos` ENABLE KEYS */;
UNLOCK TABLES;

--
-- Table structure for table `jugadors`
--

DROP TABLE IF EXISTS `jugadors`;
/*!40101 SET @saved_cs_client     = @@character_set_client */;
/*!40101 SET character_set_client = utf8 */;
CREATE TABLE `jugadors` (
  `id` int(11) NOT NULL AUTO_INCREMENT,
  `club_id` int(11) DEFAULT NULL,
  `created_at` datetime NOT NULL,
  `updated_at` datetime NOT NULL,
  `posicion_id` int(11) DEFAULT NULL,
  `disponible` tinyint(1) DEFAULT NULL,
  `nombres` varchar(255) COLLATE utf8_unicode_ci DEFAULT NULL,
  PRIMARY KEY (`id`)
) ENGINE=InnoDB AUTO_INCREMENT=1328 DEFAULT CHARSET=utf8 COLLATE=utf8_unicode_ci;
/*!40101 SET character_set_client = @saved_cs_client */;

--
-- Dumping data for table `jugadors`
--

LOCK TABLES `jugadors` WRITE;
/*!40000 ALTER TABLE `jugadors` DISABLE KEYS */;
INSERT INTO `jugadors` VALUES (673,15,'2013-04-11 15:51:06','2013-04-11 15:56:32',1,1,'CAMBIASSO, NICOLAS CARLOS'),(674,15,'2013-04-11 15:51:06','2013-04-11 15:56:32',1,1,'DI GRACIA, LUCAS HERNAN'),(675,15,'2013-04-11 15:51:06','2013-04-11 15:56:32',1,1,'LEYENDA, BERNARDO ALEJANDRO'),(676,15,'2013-04-11 15:51:06','2013-04-11 15:56:32',2,1,'CORONEL, MAXIMILIANO'),(677,15,'2013-04-11 15:51:07','2013-04-11 15:56:32',NULL,1,'DI PLACIDO, LEONEL'),(678,15,'2013-04-11 15:51:07','2013-04-11 15:56:32',2,1,'FERRARI, JONATHAN MARCELO'),(679,15,'2013-04-11 15:51:07','2013-04-11 15:56:32',NULL,1,'FUENTES, DIEGO MARTIN'),(680,15,'2013-04-11 15:51:07','2013-04-11 15:56:32',3,1,'GRANA, HERNAN GUSTAVO'),(681,15,'2013-04-11 15:51:07','2013-04-11 15:56:32',2,1,'LEQUI, MATIAS EMANUEL'),(682,15,'2013-04-11 15:51:07','2013-04-11 15:56:32',NULL,1,'MARTINEZ, FRANCISCO ALFREDO'),(683,15,'2013-04-11 15:51:07','2013-04-11 15:56:32',2,1,'QUIROGA, FACUNDO HERNAN'),(684,15,'2013-04-11 15:51:07','2013-04-11 15:56:32',3,1,'SOTO, CARLOS DANIEL'),(685,15,'2013-04-11 15:51:07','2013-04-11 15:56:32',4,1,'AHUMADA, OSCAR ADRIAN'),(686,15,'2013-04-11 15:51:07','2013-04-11 15:56:32',NULL,1,'BURGOS, FABIAN'),(687,15,'2013-04-11 15:51:07','2013-04-11 15:56:32',NULL,1,'CAREAGA, JUAN CRUZ'),(688,15,'2013-04-11 15:51:07','2013-04-11 15:56:32',NULL,1,'FREDRICH, ELVIO EPIFANIO'),(689,15,'2013-04-11 15:51:07','2013-04-11 15:56:32',6,1,'MOREL, MARTIN GERARDO'),(690,15,'2013-04-11 15:51:07','2013-04-11 15:56:32',5,1,'PEREA, JUAN EMANUEL'),(691,15,'2013-04-11 15:51:07','2013-04-11 15:56:32',4,1,'SANCHEZ, FERNANDO'),(692,15,'2013-04-11 15:51:07','2013-04-11 15:56:32',4,1,'SARMIENTO, BRIAN OSCAR'),(693,15,'2013-04-11 15:51:07','2013-04-11 15:56:32',NULL,1,'SEMERIA, JUAN'),(694,15,'2013-04-11 15:51:07','2013-04-11 15:56:32',NULL,1,'STEFANATTO, GUSTAVO DARIO'),(695,15,'2013-04-11 15:51:07','2013-04-11 15:56:32',6,1,'BORGHELLO, IVAN EMILIO'),(696,15,'2013-04-11 15:51:07','2013-04-11 15:56:32',6,1,'CALLERI, JONATHAN'),(697,15,'2013-04-11 15:51:07','2013-04-11 15:56:32',6,1,'CASPARY, JOSE MANUEL'),(698,15,'2013-04-11 15:51:07','2013-04-11 15:56:33',6,1,'ESPINDOLA, LUCAS SEBASTIAN'),(699,15,'2013-04-11 15:51:07','2013-04-11 15:56:33',6,1,'FERNANDEZ, LAUTARO'),(700,15,'2013-04-11 15:51:07','2013-04-11 15:56:33',6,1,'MARTINEZ, NICOLAS IVAN'),(701,15,'2013-04-11 15:51:07','2013-04-11 15:56:33',6,1,'MONTOYA, SANTIAGO'),(702,15,'2013-04-11 15:51:07','2013-04-11 15:56:33',6,1,'NAVARRETE, MATIAS'),(703,15,'2013-04-11 15:51:07','2013-04-11 15:56:33',6,1,'VILDOZO, LUIS ANGEL'),(704,20,'2013-04-11 15:51:07','2013-04-11 15:56:33',1,1,'FERNANDEZ, NEREO ARIEL'),(705,20,'2013-04-11 15:51:07','2013-04-11 15:56:33',1,1,'GIOVINI, SEBASTIAN MATIAS'),(706,20,'2013-04-11 15:51:08','2013-04-11 15:56:33',1,1,'OJEDA, LUIS ALBERTO'),(707,20,'2013-04-11 15:51:08','2013-04-11 15:56:33',3,1,'BARRAZA, JULIO EDUARDO'),(708,20,'2013-04-11 15:51:08','2013-04-11 15:56:33',3,1,'BARZOLA, PABLO MAXIMILIANO'),(709,20,'2013-04-11 15:51:08','2013-04-11 15:56:33',2,1,'BATISTA, NICOLAS'),(710,20,'2013-04-11 15:51:08','2013-04-11 15:56:33',NULL,1,'FLORES, FRANCO VALENTIN'),(711,20,'2013-04-11 15:51:08','2013-04-11 15:56:33',3,1,'FREIRE, NICOLAS'),(712,20,'2013-04-11 15:51:08','2013-04-11 15:56:33',2,1,'GARCE, ARIEL HERNAN'),(713,20,'2013-04-11 15:51:08','2013-04-11 15:56:33',2,1,'MARTINEZ, MATIAS ALFREDO'),(714,20,'2013-04-11 15:51:08','2013-04-11 15:56:33',2,1,'MATELLAN, ANIBAL SAMUEL'),(715,20,'2013-04-11 15:51:08','2013-04-11 15:56:33',NULL,1,'PISTONE, FEDERICO JOSE'),(716,20,'2013-04-11 15:51:08','2013-04-11 15:56:33',3,1,'PLACENTE, DIEGO RODOLFO'),(717,20,'2013-04-11 15:51:08','2013-04-11 15:56:33',NULL,1,'RODRIGUEZ, LUCAS NAHUEL'),(718,20,'2013-04-11 15:51:08','2013-04-11 15:56:33',4,1,'CAPURRO, ALEJANDRO RUBEN'),(719,20,'2013-04-11 15:51:08','2013-04-11 15:56:33',NULL,1,'DIAZ PONCE, RODRIGO LEONEL'),(720,20,'2013-04-11 15:51:08','2013-04-11 15:56:33',NULL,1,'GOMEZ, BRAIAN'),(721,20,'2013-04-11 15:51:08','2013-04-11 15:56:33',NULL,1,'GOMEZ, RODRIGO MANUEL'),(722,20,'2013-04-11 15:51:08','2013-04-11 15:56:33',5,1,'HERNANDEZ, PEDRO PABLO'),(723,20,'2013-04-11 15:51:08','2013-04-11 15:56:33',5,1,'IÑIGUEZ, GASPAR EMMANUEL'),(724,20,'2013-04-11 15:51:08','2013-04-11 15:56:33',4,1,'LABA, MATIAS ALEJANDRO'),(725,20,'2013-04-11 15:51:08','2013-04-11 15:56:34',NULL,1,'MENDOZA, ARTURO DANIEL'),(726,20,'2013-04-11 15:51:08','2013-04-11 15:56:34',5,1,'NAGUEL, CARLOS SANTIAGO'),(727,20,'2013-04-11 15:51:08','2013-04-11 15:56:34',5,1,'NAVARRO, SEBASTIAN'),(728,20,'2013-04-11 15:51:08','2013-04-11 15:56:34',NULL,1,'RAMIREZ, JUAN EDGARDO'),(729,20,'2013-04-11 15:51:08','2013-04-11 15:56:34',NULL,1,'RODRIGUEZ, MAXIMILIANO LEONEL'),(730,20,'2013-04-11 15:51:08','2013-04-11 15:56:34',NULL,1,'VAZQUEZ, FABIO FRANCISCO'),(731,20,'2013-04-11 15:51:08','2013-04-11 15:56:34',6,1,'ANANGONO, JUAN LUIS'),(732,20,'2013-04-11 15:51:08','2013-04-11 15:56:34',6,1,'BARRERA, LEANDRO IVAN'),(733,20,'2013-04-11 15:51:09','2013-04-11 15:56:34',6,1,'CANO, LUCAS MATIAS'),(734,20,'2013-04-11 15:51:09','2013-04-11 15:56:34',6,1,'CARUSO, LEANDRO RUBEN'),(735,20,'2013-04-11 15:51:09','2013-04-11 15:56:34',6,1,'FERNANDEZ, JOSE CARLOS'),(736,20,'2013-04-11 15:51:09','2013-04-11 15:56:34',6,1,'FIGUEROA, MARCOS DANIEL'),(737,20,'2013-04-11 15:51:09','2013-04-11 15:56:34',6,1,'NUÑEZ, LEONEL JORGE'),(738,20,'2013-04-11 15:51:09','2013-04-11 15:56:34',6,1,'VILLALBA, DANIEL ALBERTO'),(739,9,'2013-04-11 15:51:09','2013-04-11 15:56:34',1,1,'BURRAL, JAVIER NICOLAS'),(740,9,'2013-04-11 15:51:09','2013-04-11 15:56:34',1,1,'CAMPESTRINI, CRISTIAN DANIEL'),(741,9,'2013-04-11 15:51:09','2013-04-11 15:56:34',1,1,'OLIVERO, EMILIANO'),(742,9,'2013-04-11 15:51:09','2013-04-11 15:56:34',2,1,'BRAGHIERI, DIEGO LUIS'),(743,9,'2013-04-11 15:51:09','2013-04-11 15:56:34',2,1,'CUESTA, VICTOR LEANDRO'),(744,9,'2013-04-11 15:51:09','2013-04-11 15:56:34',2,1,'GERLO, DANILO TELMO'),(745,9,'2013-04-11 15:51:09','2013-04-11 15:56:34',3,1,'KRUSPZKY, LUCAS NAHUEL'),(746,9,'2013-04-11 15:51:09','2013-04-12 12:25:24',2,0,'LOPEZ, LISANDRO EZEQUIEL'),(747,9,'2013-04-11 15:51:09','2013-05-03 13:12:23',2,0,'NERVO, HUGO MARTIN'),(748,9,'2013-04-11 15:51:09','2013-04-11 15:56:35',3,1,'PEREZ, DAMIAN ALFREDO'),(749,9,'2013-04-11 15:51:09','2013-04-11 15:56:35',NULL,1,'ZALDIVIA, MATIAS EZEQUIEL'),(750,9,'2013-04-11 15:51:09','2013-04-11 15:56:35',5,1,'AGUIRRE, NICOLAS DIEGO'),(751,9,'2013-04-11 15:51:09','2013-04-11 15:56:35',5,1,'CAFFA, JUAN PABLO'),(752,9,'2013-04-11 15:51:09','2013-04-11 15:56:35',5,1,'CARBONERO, CARLOS MARIO'),(753,9,'2013-04-11 15:51:09','2013-04-11 15:56:35',NULL,1,'CARDOZO, JULIAN GABRIEL'),(754,9,'2013-04-11 15:51:09','2013-04-11 15:56:35',NULL,1,'CASAIS, EDUARDO JAVIER'),(755,9,'2013-04-11 15:51:09','2013-04-11 15:56:35',4,1,'ESMERADO, GASTON RUBEN'),(756,9,'2013-04-11 15:51:09','2013-04-11 15:56:35',NULL,1,'ESPINOZA, GONZALO ALEJANDRO'),(757,9,'2013-04-11 15:51:09','2013-04-11 15:56:35',NULL,1,'GOMEZ, WALTER'),(758,9,'2013-04-11 15:51:10','2013-04-11 15:56:35',4,1,'MARCONE, IVAN JOSE'),(759,9,'2013-04-11 15:51:10','2013-04-11 15:56:35',4,1,'ORTIZ, JORGE ALBERTO'),(760,9,'2013-04-11 15:51:10','2013-04-11 15:56:35',6,1,'ROLLE, MARTIN'),(761,9,'2013-04-11 15:51:10','2013-04-11 15:56:35',5,1,'TORRES, DIEGO ALBERTO'),(762,9,'2013-04-11 15:51:10','2013-04-11 15:56:35',6,1,'BENEDETTO, DARIO ISMAEL'),(763,9,'2013-04-11 15:51:10','2013-04-11 15:56:35',6,1,'CELIZ, MILTON AARON'),(764,9,'2013-04-11 15:51:10','2013-04-11 15:56:35',6,1,'FURCH, JULIO CESAR'),(765,9,'2013-04-11 15:51:10','2013-04-11 15:56:35',6,1,'GONZALEZ, JUAN IGNACIO'),(766,9,'2013-04-11 15:51:10','2013-04-11 15:56:35',6,1,'LUGUERCIO, PABLO ARIEL'),(767,9,'2013-04-11 15:51:10','2013-04-11 15:56:35',6,1,'ZELAYA, EMILIO JOSE'),(768,10,'2013-04-11 15:51:10','2013-04-11 15:56:35',1,1,'CONDE, ESTEBAN'),(769,10,'2013-04-11 15:51:10','2013-04-11 15:56:35',1,1,'RUPPEN, EFRAIN'),(770,10,'2013-04-11 15:51:10','2013-04-11 15:56:35',1,1,'SARA, GUILLERMO'),(771,10,'2013-04-11 15:51:10','2013-05-03 13:12:23',1,0,'WERNER, AXEL'),(772,10,'2013-04-11 15:51:10','2013-04-11 15:56:35',2,1,'BOVAGLIO, LUCAS ALFREDO'),(773,10,'2013-04-11 15:51:10','2013-04-11 15:56:35',2,1,'CARNIELLO, OSCAR MATIAS'),(774,10,'2013-04-11 15:51:10','2013-05-03 13:12:24',2,0,'DOMINGUEZ, EDUARDO RODRIGO'),(775,10,'2013-04-11 15:51:10','2013-04-11 15:56:36',NULL,1,'FERNANDEZ, JULIAN'),(776,10,'2013-04-11 15:51:10','2013-04-12 12:25:24',2,0,'FONTANINI, FABRICIO BAUTISTA'),(777,10,'2013-04-11 15:51:10','2013-04-11 15:56:36',NULL,1,'GHIONE, RODRIGO'),(778,10,'2013-04-11 15:51:10','2013-04-11 15:56:36',NULL,1,'MACHIN, CRISTIAN ADRIAN'),(779,10,'2013-04-11 15:51:10','2013-04-11 15:56:36',2,1,'SACKS, JOEL'),(780,10,'2013-04-11 15:51:10','2013-04-11 15:56:36',3,1,'VELLA, CRISTIAN DANIEL'),(781,10,'2013-04-11 15:51:10','2013-04-11 15:56:36',5,1,'CARRERA, SEBASTIAN'),(782,10,'2013-04-11 15:51:10','2013-04-11 15:56:36',5,1,'ELUCHANS, JUAN EDUARDO'),(783,10,'2013-04-11 15:51:10','2013-04-11 15:56:36',4,1,'FERRO, RAUL FREDY'),(784,10,'2013-04-11 15:51:10','2013-04-11 15:56:36',NULL,1,'FISSORE, MATIAS OSCAR'),(785,10,'2013-04-11 15:51:10','2013-04-11 15:56:36',NULL,1,'FISSORE, MARCOS'),(786,10,'2013-04-11 15:51:11','2013-04-11 15:56:36',NULL,1,'GAITAN, PABLO'),(787,10,'2013-04-11 15:51:11','2013-04-11 15:56:36',6,1,'GRAZZINI, SEBASTIAN HUGO'),(788,10,'2013-04-11 15:51:11','2013-04-11 15:56:36',5,1,'JUAREZ, IVAN MAURICIO'),(789,10,'2013-04-11 15:51:11','2013-04-11 15:56:36',NULL,1,'MANERA, RODRIGO'),(790,10,'2013-04-11 15:51:11','2013-04-11 15:56:36',NULL,1,'PAVETTI, PABLO JOSE'),(791,10,'2013-04-11 15:51:11','2013-04-11 15:56:36',NULL,1,'RODRIGUEZ ROJAS, GERMAN'),(792,10,'2013-04-11 15:51:11','2013-04-11 15:56:36',5,1,'SERRANO, WALTER OMAR'),(793,10,'2013-04-11 15:51:11','2013-04-11 15:56:36',6,1,'DEPETRIS, RODRIGO LEONEL'),(794,10,'2013-04-11 15:51:11','2013-04-11 15:56:36',6,1,'GANDIN, DARIO ALEJANDRO'),(795,10,'2013-04-11 15:51:11','2013-04-11 15:56:36',6,1,'GONZALEZ, FEDERICO RAFAEL'),(796,10,'2013-04-11 15:51:11','2013-04-11 15:56:36',6,1,'LOPEZ, JONATHAN YAMIL'),(797,10,'2013-04-11 15:51:11','2013-04-11 15:56:36',6,1,'VERA, DIEGO DANIEL'),(798,11,'2013-04-11 15:51:11','2013-04-11 15:56:36',1,1,'HEREDIA, PABLO NICOLAS'),(799,11,'2013-04-11 15:51:11','2013-05-03 13:12:24',1,0,'HERRERA, GUIDO GABRIEL'),(800,11,'2013-04-11 15:51:11','2013-04-11 15:56:36',1,1,'OLAVE, JUAN CARLOS'),(801,11,'2013-04-11 15:51:11','2013-04-11 15:56:36',2,1,'AVELDAÑO, LUCAS ELIO'),(802,11,'2013-04-11 15:51:11','2013-04-11 15:56:36',2,1,'LOLLO, MAURICIO LUCIANO'),(803,11,'2013-04-11 15:51:11','2013-04-11 15:56:37',NULL,1,'PADILLA, HUGO'),(804,11,'2013-04-11 15:51:11','2013-04-11 15:56:37',3,1,'QUIROGA, JUAN LEANDRO'),(805,11,'2013-04-11 15:51:11','2013-04-11 15:56:37',NULL,1,'RODRIGUEZ, SERGIO GONZALO'),(806,11,'2013-04-11 15:51:11','2013-04-11 15:56:37',NULL,1,'RUDISI, PABLO'),(807,11,'2013-04-11 15:51:11','2013-04-11 15:56:37',NULL,1,'SARAVIA, RENZO'),(808,11,'2013-04-11 15:51:11','2013-04-11 15:56:37',3,1,'TURUS, GASTON ALEJANDRO'),(809,11,'2013-04-11 15:51:11','2013-04-11 15:56:37',NULL,1,'ALVAREZ SUAREZ, GASTON MAXIMILIANO'),(810,11,'2013-04-11 15:51:11','2013-04-11 15:56:37',NULL,1,'ESTEVENAUX, IVAN'),(811,11,'2013-04-11 15:51:11','2013-04-11 15:56:37',4,1,'FARRE, GUILLERMO MARTIN'),(812,11,'2013-04-11 15:51:11','2013-04-11 15:56:37',4,1,'GONZALEZ, ESTEBAN NICOLAS'),(813,11,'2013-04-11 15:51:11','2013-04-11 15:56:37',5,1,'MANZANELLI, OSVALDO CESAR'),(814,11,'2013-04-11 15:51:12','2013-04-11 15:56:37',5,1,'PITTINARI, LUCAS ABEL'),(815,11,'2013-04-11 15:51:12','2013-04-11 15:56:37',5,1,'VELAZQUEZ, JORGE LUIS'),(816,11,'2013-04-11 15:51:12','2013-04-11 15:56:37',5,1,'ZAPATA, MARTIN DARIO'),(817,11,'2013-04-11 15:51:12','2013-04-11 15:56:37',NULL,1,'ZELARRAYAN, LUCAS'),(818,11,'2013-04-11 15:51:12','2013-04-11 15:56:37',6,1,'AQUINO, VICTOR MARCELINO'),(819,11,'2013-04-11 15:51:12','2013-04-11 15:56:37',6,1,'BARDIN, GIULIANO'),(820,11,'2013-04-11 15:51:12','2013-04-11 15:56:37',6,1,'CAÑETE, DIEGO DANIEL'),(821,11,'2013-04-11 15:51:12','2013-04-11 15:56:37',6,1,'CARRANZA, CESAR ALBERTO'),(822,11,'2013-04-11 15:51:12','2013-04-11 15:56:37',6,1,'FIGUEROA, TOBIAS NAHUEL'),(823,11,'2013-04-11 15:51:12','2013-04-11 15:56:37',6,1,'MARQUEZ, FERNANDO ANDRES'),(824,11,'2013-04-11 15:51:12','2013-04-11 15:56:37',6,1,'MARTIN, JUAN EDUARDO'),(825,11,'2013-04-11 15:51:12','2013-04-11 15:56:37',6,1,'MELANO, LUCAS SANTIAGO'),(826,11,'2013-04-11 15:51:12','2013-04-11 15:56:37',6,1,'PEREYRA, CESAR EMANUEL'),(827,11,'2013-04-11 15:51:12','2013-04-11 15:56:37',6,1,'RIGONI, EMILIANO ARIEL'),(828,1,'2013-04-11 15:51:12','2013-04-11 15:56:37',1,1,'D\'ANGELO, SEBASTIAN EZEQUIEL'),(829,1,'2013-04-11 15:51:12','2013-04-12 12:25:24',1,0,'ORION, AGUSTIN IGNACIO'),(830,1,'2013-04-11 15:51:12','2013-04-12 12:25:24',1,0,'USTARI, OSCAR ALFREDO'),(831,1,'2013-04-11 15:51:12','2013-04-11 15:56:38',1,1,'VICENTINI, MANUEL MATIAS'),(832,1,'2013-04-11 15:51:12','2013-04-11 15:56:38',NULL,1,'AGUIRRE, ALAN'),(833,1,'2013-04-11 15:51:12','2013-04-12 12:25:24',2,0,'BURDISSO, GUILLERMO ENIO'),(834,1,'2013-04-11 15:51:12','2013-04-11 15:56:38',2,1,'CARUZZO, MATIAS NICOLAS'),(835,1,'2013-04-11 15:51:12','2013-04-11 15:56:38',2,1,'CELLAY, CHRISTIAN ARIEL'),(836,1,'2013-04-11 15:51:12','2013-04-11 15:56:38',NULL,1,'FLORES, BRIAN GONZALO'),(837,1,'2013-04-11 15:51:12','2013-04-11 15:56:38',2,1,'MAGALLAN, LISANDRO'),(838,1,'2013-04-11 15:51:13','2013-04-11 15:56:38',3,1,'MARIN, LUCAS LEANDRO'),(839,1,'2013-04-11 15:51:13','2013-04-11 15:56:38',2,1,'PEREZ, CLAUDIO DANIEL'),(840,1,'2013-04-11 15:51:13','2013-04-12 12:25:24',3,0,'RODRIGUEZ, CLEMENTE JUAN'),(841,1,'2013-04-11 15:51:13','2013-04-11 15:56:38',3,1,'SOSA, FRANCO SEBASTIAN'),(842,1,'2013-04-11 15:51:13','2013-04-11 15:56:38',3,1,'ZARATE, NAHUEL ALEJANDRO'),(843,1,'2013-04-11 15:51:13','2013-04-11 15:56:38',6,1,'ACOSTA, LAUTARO GERMAN'),(844,1,'2013-04-11 15:51:13','2013-04-11 15:56:38',3,1,'ALBIN, EMILIANO'),(845,1,'2013-04-11 15:51:13','2013-04-11 15:56:38',5,1,'ALVAREZ, CRISTIAN MARCELO'),(846,1,'2013-04-11 15:51:13','2013-04-11 15:56:38',NULL,1,'BAIMA, LEONARDO'),(847,1,'2013-04-11 15:51:13','2013-04-11 15:56:38',4,1,'BATTAGLIA, SEBASTIAN ALEJANDRO'),(848,1,'2013-04-11 15:51:13','2013-04-11 15:56:38',4,1,'BENAVIDEZ, EXEQUIEL EMANUEL'),(849,1,'2013-04-11 15:51:13','2013-04-11 15:56:38',5,1,'COLAZO, NICOLAS CARLOS'),(850,1,'2013-04-11 15:51:13','2013-04-12 12:25:24',4,0,'ERBES, CRISTIAN DAMIAN'),(851,1,'2013-04-11 15:51:13','2013-04-11 15:56:38',5,1,'ERVITTI, WALTER DANIEL'),(852,1,'2013-04-11 15:51:13','2013-04-11 15:56:38',NULL,1,'ESCALANTE, GONZALO'),(853,1,'2013-04-11 15:51:13','2013-04-11 15:56:38',3,1,'EVANGELISTA, FERNANDO'),(854,1,'2013-04-11 15:51:13','2013-04-12 12:25:24',5,0,'FERNANDEZ, GUILLERMO MATIAS'),(855,1,'2013-04-11 15:51:13','2013-04-11 15:56:38',5,1,'LEDESMA, PABLO MARTIN'),(856,1,'2013-04-11 15:51:13','2013-04-11 15:56:39',NULL,1,'MAZZOLA, JONATAN'),(857,1,'2013-04-11 15:51:13','2013-04-11 15:56:39',NULL,1,'ORFANO, ESTEBAN GABRIEL'),(858,1,'2013-04-11 15:51:13','2013-04-11 15:56:39',6,1,'PAREDES, LEANDRO DANIEL'),(859,1,'2013-04-11 15:51:13','2013-04-11 15:56:39',6,1,'RIQUELME, JUAN ROMAN'),(860,1,'2013-04-11 15:51:13','2013-04-11 15:56:39',5,1,'RIVERO, DIEGO ALEJANDRO'),(861,1,'2013-04-11 15:51:13','2013-04-11 15:56:39',4,1,'RODRIGUEZ, RIBAIR'),(862,1,'2013-04-11 15:51:13','2013-04-12 12:25:24',5,0,'SANCHEZ MIÑO, JUAN MANUEL'),(863,1,'2013-04-11 15:51:13','2013-04-11 15:56:39',4,1,'SOMOZA, LEANDRO DANIEL'),(864,1,'2013-04-11 15:51:13','2013-04-12 12:25:25',6,0,'BLANDI, NICOLAS'),(865,1,'2013-04-11 15:51:14','2013-04-11 15:56:39',6,1,'FRAGAPANE, FRANCO RODRIGO'),(866,1,'2013-04-11 15:51:14','2013-04-11 15:56:39',6,1,'GAONA LUGO, ORLANDO GABRIEL'),(867,1,'2013-04-11 15:51:14','2013-04-11 15:56:39',6,1,'IMBERT, JUAN MARTIN'),(868,1,'2013-04-11 15:51:14','2013-04-11 15:56:39',6,1,'MANA, NICOLAS'),(869,1,'2013-04-11 15:51:14','2013-04-11 15:56:39',6,1,'MARTINEZ, JUAN MANUEL'),(870,1,'2013-04-11 15:51:14','2013-04-11 15:56:39',6,1,'PALACIOS, SEBASTIAN ALBERTO'),(871,1,'2013-04-11 15:51:14','2013-04-11 15:56:39',6,1,'SILVA, SANTIAGO MARTIN'),(872,1,'2013-04-11 15:51:14','2013-04-11 15:56:39',6,1,'VIATRI, LUCAS EZEQUIEL'),(873,17,'2013-04-11 15:51:14','2013-04-11 15:56:39',1,1,'BAILO, ANDRES GERMAN'),(874,17,'2013-04-11 15:51:14','2013-04-11 15:56:39',1,1,'POZO, DIEGO RAUL'),(875,17,'2013-04-11 15:51:14','2013-04-11 15:56:39',2,1,'ALCOBA, GERARDO'),(876,17,'2013-04-11 15:51:14','2013-04-11 15:56:39',3,1,'CAIRE, MAXIMILIANO'),(877,17,'2013-04-11 15:51:14','2013-04-11 15:56:39',NULL,1,'CASTILLO, LUIS LEANDRO'),(878,17,'2013-04-11 15:51:14','2013-04-11 15:56:39',2,1,'FACCIOLI, EMIR SAUL'),(879,17,'2013-04-11 15:51:14','2013-04-11 15:56:39',NULL,1,'FOGST, SANTIAGO AUGUSTO'),(880,17,'2013-04-11 15:51:14','2013-04-11 15:56:39',3,1,'KUMMER, LUCIANO'),(881,17,'2013-04-11 15:51:14','2013-04-11 15:56:39',2,1,'PELLEGRINO, MAXIMILIANO'),(882,17,'2013-04-11 15:51:14','2013-04-11 15:56:40',2,1,'RALDES, RONALD'),(883,17,'2013-04-11 15:51:14','2013-04-11 15:56:40',2,1,'ROMERO, MAURICIO MARTIN'),(884,17,'2013-04-11 15:51:14','2013-04-11 15:56:40',3,1,'URRIBARRI, BRUNO SAUL'),(885,17,'2013-04-11 15:51:14','2013-04-11 15:56:40',4,1,'BASTIA, ADRIAN JESUS'),(886,17,'2013-04-11 15:51:14','2013-04-11 15:56:40',4,1,'BERNARDELLO, HERNAN DELIO'),(887,17,'2013-04-11 15:51:14','2013-04-11 15:56:40',NULL,1,'FERNANDEZ, MARCOS GABRIEL'),(888,17,'2013-04-11 15:51:14','2013-04-11 15:56:40',5,1,'GOMEZ, RICARDO ERNESTO'),(889,17,'2013-04-11 15:51:14','2013-04-11 15:56:40',5,1,'GRACIANI, GABRIEL MAXIMILIANO'),(890,17,'2013-04-11 15:51:15','2013-04-11 15:56:40',NULL,1,'JOURDAN, FEDERICO'),(891,17,'2013-04-11 15:51:15','2013-04-11 15:56:40',5,1,'LUQUE, CARLOS MARTIN'),(892,17,'2013-04-11 15:51:15','2013-04-11 15:56:40',NULL,1,'MELI, MARCELO'),(893,17,'2013-04-11 15:51:15','2013-04-11 15:56:40',5,1,'MORENO Y FABIANESI, IVAN DIEGO'),(894,17,'2013-04-11 15:51:15','2013-04-11 15:56:40',6,1,'MUGNI, LUCAS ANDRES'),(895,17,'2013-04-11 15:51:15','2013-04-11 15:56:40',NULL,1,'POBLETE, GERONIMO GASTON'),(896,17,'2013-04-11 15:51:15','2013-04-11 15:56:40',4,1,'PREDIGUER, LEONARDO SEBASTIAN'),(897,17,'2013-04-11 15:51:15','2013-04-11 15:56:40',6,1,'ACHUCARRO, JORGE DANIEL'),(898,17,'2013-04-11 15:51:15','2013-04-11 15:56:40',6,1,'ALARIO, LUCAS DAMIAN'),(899,17,'2013-04-11 15:51:15','2013-04-11 15:56:40',6,1,'ARGUELLO, MARCELO'),(900,17,'2013-04-11 15:51:15','2013-04-11 15:56:40',6,1,'CALLEJO, FACUNDO'),(901,17,'2013-04-11 15:51:15','2013-04-11 15:56:40',6,1,'COMACHI, MARTIN NICOLAS'),(902,17,'2013-04-11 15:51:15','2013-04-11 15:56:40',6,1,'CURUCHET, FACUNDO NICOLAS'),(903,17,'2013-04-11 15:51:15','2013-04-12 12:25:25',6,0,'GIGLIOTTI, EMMANUEL'),(904,17,'2013-04-11 15:51:15','2013-04-11 15:56:40',6,1,'RAMIREZ, RUBEN DARIO'),(905,12,'2013-04-11 15:51:15','2013-04-11 15:56:40',1,1,'RULLI, GERONIMO'),(906,12,'2013-04-11 15:51:15','2013-04-11 15:56:40',1,1,'SILVA, AGUSTIN'),(907,12,'2013-04-11 15:51:15','2013-04-11 15:56:41',1,1,'VOUILLOUD, GERMAN'),(908,12,'2013-04-11 15:51:15','2013-04-11 15:56:41',2,1,'ANGELLERI, MARCOS ALBERTO'),(909,12,'2013-04-11 15:51:15','2013-04-11 15:56:41',2,1,'DESABATO, LEANDRO'),(910,12,'2013-04-11 15:51:15','2013-04-11 15:56:41',NULL,1,'GISSI, DYLAN'),(911,12,'2013-04-11 15:51:15','2013-04-11 15:56:41',3,1,'IBERBIA, RAUL ALEJANDRO'),(912,12,'2013-04-11 15:51:15','2013-04-11 15:56:41',NULL,1,'MODON, SERGIO EXEQUIEL'),(913,12,'2013-04-11 15:51:15','2013-04-11 15:56:41',NULL,1,'PRESENTADO, MATIAS'),(914,12,'2013-04-11 15:51:15','2013-04-11 15:56:41',3,1,'RE, GERMAN DAVID'),(915,12,'2013-04-11 15:51:16','2013-04-11 15:56:41',NULL,1,'ROSALES, PABLO MAURICIO'),(916,12,'2013-04-11 15:51:16','2013-04-11 15:56:41',2,1,'SARULYTE, MATIAS'),(917,12,'2013-04-11 15:51:16','2013-04-11 15:56:41',2,1,'SCHUNKE, JONATHAN'),(918,12,'2013-04-11 15:51:16','2013-04-11 15:56:41',NULL,1,'SILVA, JONATHAN'),(919,12,'2013-04-11 15:51:16','2013-04-11 15:56:41',NULL,1,'TARABINI, EMANUEL'),(920,12,'2013-04-11 15:51:16','2013-04-11 15:56:41',5,1,'BENITEZ, LEANDRO DAMIAN'),(921,12,'2013-04-11 15:51:16','2013-04-11 15:56:41',4,1,'BRAÑA, RODRIGO'),(922,12,'2013-04-11 15:51:16','2013-04-11 15:56:41',NULL,1,'CORREA, JOAQUIN'),(923,12,'2013-04-11 15:51:16','2013-04-11 15:56:41',NULL,1,'GAITAN, CRISTIAN IVAN'),(924,12,'2013-04-11 15:51:16','2013-04-11 15:56:41',5,1,'GELABERT, MARCOS AGUSTIN'),(925,12,'2013-04-11 15:51:16','2013-04-11 15:56:41',NULL,1,'GIL ROMERO, GASTON'),(926,12,'2013-04-11 15:51:16','2013-04-11 15:56:41',5,1,'HOYOS, MICHAEL RYAN'),(927,12,'2013-04-11 15:51:16','2013-04-11 15:56:41',NULL,1,'INNOCENTI, ALESSIO'),(928,12,'2013-04-11 15:51:16','2013-04-11 15:56:41',6,1,'JARA, LEONARDO RAFAEL'),(929,12,'2013-04-11 15:51:16','2013-04-11 15:56:41',5,1,'MARTINEZ, ROMAN FERNANDO'),(930,12,'2013-04-11 15:51:16','2013-04-11 15:56:41',6,1,'NUÑEZ, MAXIMILIANO EZEQUIEL'),(931,12,'2013-04-11 15:51:16','2013-04-11 15:56:41',NULL,1,'RENDON, KEVIN CAMILO'),(932,12,'2013-04-11 15:51:16','2013-04-11 15:56:42',6,1,'AUZQUI, CARLOS DANIEL'),(933,12,'2013-04-11 15:51:16','2013-04-11 15:56:42',6,1,'CARRILLO, GUIDO MARCELO'),(934,12,'2013-04-11 15:51:16','2013-04-11 15:56:42',6,1,'FERNANDEZ, GASTON NICOLAS'),(935,12,'2013-04-11 15:51:16','2013-04-11 15:56:42',6,1,'KLUSENER, ALVARO SEBASTIAN'),(936,12,'2013-04-11 15:51:16','2013-04-12 12:25:25',6,0,'ZAPATA, DUVAN ESTEBAN'),(937,13,'2013-04-11 15:51:16','2013-04-11 15:56:42',1,1,'IBAÑEZ, NELSON MARTIN'),(938,13,'2013-04-11 15:51:16','2013-04-11 15:56:42',1,1,'MOYANO, SEBASTIAN EMANNUEL'),(939,13,'2013-04-11 15:51:17','2013-04-11 15:56:42',1,1,'TORRICO, SEBASTIAN ALBERTO'),(940,13,'2013-04-11 15:51:17','2013-04-11 15:56:42',3,1,'CEBALLOS, LUCAS ESTEBAN'),(941,13,'2013-04-11 15:51:17','2013-04-11 15:56:42',2,1,'CURBELO, JORGE WINSTON'),(942,13,'2013-04-11 15:51:17','2013-04-11 15:56:42',NULL,1,'DIAZ, RICARDO GASTON'),(943,13,'2013-04-11 15:51:17','2013-04-11 15:56:42',3,1,'GRIMI, LEANDRO DAMIAN'),(944,13,'2013-04-11 15:51:17','2013-04-12 12:25:25',3,0,'INSUA, EMANUEL MARIANO'),(945,13,'2013-04-11 15:51:17','2013-04-11 15:56:42',NULL,1,'OLIVAREZ, LEANDRO SEBASTIAN'),(946,13,'2013-04-11 15:51:17','2013-04-11 15:56:43',3,1,'SAN ROMAN, JOSE IGNACIO'),(947,13,'2013-04-11 15:51:17','2013-04-11 15:56:43',2,1,'SANCHEZ, NICOLAS GABRIEL'),(948,13,'2013-04-11 15:51:17','2013-04-11 15:56:43',2,1,'SIGALI, LEONARDO GERMAN'),(949,13,'2013-04-11 15:51:17','2013-04-11 15:56:43',NULL,1,'ZUQUI, FERNANDO'),(950,13,'2013-04-11 15:51:17','2013-04-11 15:56:43',NULL,1,'ANGILERI, FABRICIO GERMAN'),(951,13,'2013-04-11 15:51:17','2013-04-11 15:56:43',5,1,'CAMACHO, FERNANDO WASHINGTON'),(952,13,'2013-04-11 15:51:17','2013-04-11 15:56:43',5,1,'CASTELLANI, GONZALO PABLO'),(953,13,'2013-04-11 15:51:17','2013-04-11 15:56:43',5,1,'CASTRO, ALEXIS NICOLAS'),(954,13,'2013-04-11 15:51:17','2013-04-11 15:56:43',5,1,'COOPER, ARMANDO'),(955,13,'2013-04-11 15:51:17','2013-04-11 15:56:43',NULL,1,'DAHER, LUIS RODRIGO'),(956,13,'2013-04-11 15:51:17','2013-04-11 15:56:43',NULL,1,'FERNANDEZ, JOSE LUIS'),(957,13,'2013-04-11 15:51:17','2013-04-11 15:56:43',NULL,1,'GODOY, ANIBAL'),(958,13,'2013-04-11 15:51:18','2013-04-11 15:56:43',NULL,1,'JEREZ SILVA, LUIS VICENTE'),(959,13,'2013-04-11 15:51:18','2013-04-11 15:56:43',4,1,'LEDESMA, EDUARDO FABIAN'),(960,13,'2013-04-11 15:51:18','2013-04-11 15:56:43',4,1,'LERTORA, FEDERICO EDUARDO'),(961,13,'2013-04-11 15:51:18','2013-04-11 15:56:43',6,1,'RAMIREZ, DAVID ARTURO'),(962,13,'2013-04-11 15:51:18','2013-04-11 15:56:43',5,1,'RIOS, LEONEL'),(963,13,'2013-04-11 15:51:18','2013-04-11 15:56:43',NULL,1,'RIUS ARAGALLO, CIRO PABLO'),(964,13,'2013-04-11 15:51:18','2013-04-11 15:56:43',6,1,'SALINAS, RODRIGO JAVIER'),(965,13,'2013-04-11 15:51:18','2013-04-11 15:56:43',NULL,1,'SANCHEZ, SERGIO DANIEL'),(966,13,'2013-04-11 15:51:18','2013-04-11 15:56:43',6,1,'CASTILLON, FACUNDO ANDRES'),(967,13,'2013-04-11 15:51:18','2013-04-11 15:56:43',6,1,'GARRO, JUAN FERNANDO'),(968,13,'2013-04-11 15:51:18','2013-04-12 12:25:25',6,0,'OBOLO, MAURO IVAN'),(969,13,'2013-04-11 15:51:18','2013-04-11 15:56:43',6,1,'PINEDA, RENATO'),(970,13,'2013-04-11 15:51:18','2013-04-11 15:56:43',6,1,'SEVILLANO, DIEGO'),(971,3,'2013-04-11 15:51:18','2013-04-11 15:56:44',1,1,'ASSMANN, WALTER FABIAN'),(972,3,'2013-04-11 15:51:18','2013-04-11 15:56:44',1,1,'GABBARINI, ADRIAN JOSE'),(973,3,'2013-04-11 15:51:18','2013-04-11 15:56:44',1,1,'NAVARRO, HILARIO BERNARDO'),(974,3,'2013-04-11 15:51:18','2013-04-11 15:56:44',1,1,'RODRIGUEZ, DIEGO MARTIN'),(975,3,'2013-04-11 15:51:18','2013-04-11 15:56:44',2,1,'CACERES, SAMUEL CATALINO'),(976,3,'2013-04-11 15:51:18','2013-04-11 15:56:44',3,1,'CONTRERA, GONZALO'),(977,3,'2013-04-11 15:51:18','2013-04-11 15:56:44',2,1,'GALEANO, LEONEL EZEQUIEL'),(978,3,'2013-04-11 15:51:18','2013-04-11 15:56:44',NULL,1,'GAY, FEDERICO AXEL'),(979,3,'2013-04-11 15:51:18','2013-04-11 15:56:44',3,1,'MOREL RODRIGUEZ, CLAUDIO MARCELO'),(980,3,'2013-04-11 15:51:18','2013-04-11 15:56:44',NULL,1,'OJEDA, SERGIO MAXIMILIANO'),(981,3,'2013-04-11 15:51:19','2013-04-11 15:56:44',NULL,1,'TREJO, JUAN MANUEL'),(982,3,'2013-04-11 15:51:19','2013-04-11 15:56:44',2,1,'TULA, CRISTIAN ALBERTO'),(983,3,'2013-04-11 15:51:19','2013-04-11 15:56:44',2,1,'TUZZIO, EDUARDO NICOLAS'),(984,3,'2013-04-11 15:51:19','2013-04-11 15:56:44',3,1,'VALLES, GABRIEL GUSTAVO'),(985,3,'2013-04-11 15:51:19','2013-04-11 15:56:44',2,1,'VELAZQUEZ, JULIAN ALBERTO'),(986,3,'2013-04-11 15:51:19','2013-04-11 15:56:44',NULL,1,'VILLALBA, LUCAS HERNAN'),(987,3,'2013-04-11 15:51:19','2013-04-11 15:56:44',NULL,1,'VILLALBA, NICOLAS DANIEL'),(988,3,'2013-04-11 15:51:19','2013-04-11 15:56:44',4,1,'BATTION, ROBERTO MIGUEL'),(989,3,'2013-04-11 15:51:19','2013-04-11 15:56:44',5,1,'BENITEZ, MARTIN NICOLAS'),(990,3,'2013-04-11 15:51:19','2013-04-11 15:56:44',5,1,'FERREYRA, OSMAR DANIEL'),(991,3,'2013-04-11 15:51:19','2013-04-11 15:56:44',5,1,'FREDES, HERNAN GABRIEL'),(992,3,'2013-04-11 15:51:19','2013-04-11 15:56:44',4,1,'GODOY, FERNANDO GABRIEL'),(993,3,'2013-04-11 15:51:19','2013-04-11 15:56:44',5,1,'MANCUELLO, FEDERICO ANDRES'),(994,3,'2013-04-11 15:51:19','2013-04-11 15:56:44',NULL,1,'MIRANDA, LEONEL ARIEL'),(995,3,'2013-04-11 15:51:19','2013-04-11 15:56:44',5,1,'MONSERRAT, FABIAN'),(996,3,'2013-04-11 15:51:19','2013-04-11 15:56:44',6,1,'MONTENEGRO, DANIEL GASTON'),(997,3,'2013-04-11 15:51:19','2013-04-11 15:56:45',NULL,1,'ORTIZ, CRISTIAN JONATAN'),(998,3,'2013-04-11 15:51:19','2013-04-11 15:56:45',5,1,'SANTANA, JONATHAN'),(999,3,'2013-04-11 15:51:19','2013-04-11 15:56:45',4,1,'VARGAS, FABIAN ANDRES'),(1000,3,'2013-04-11 15:51:19','2013-04-11 15:56:45',5,1,'VILLAFAÑE, LUCAS MARTIN'),(1001,3,'2013-04-11 15:51:19','2013-04-11 15:56:45',5,1,'ZAPATA, VICTOR EDUARDO'),(1002,3,'2013-04-11 15:51:19','2013-04-11 15:56:45',6,1,'BUTER, LEONEL ALEXANDER'),(1003,3,'2013-04-11 15:51:19','2013-04-11 15:56:45',6,1,'CAICEDO, JUAN FERNANDO'),(1004,3,'2013-04-11 15:51:19','2013-04-11 15:56:45',6,1,'FARIAS, ERNESTO ANTONIO'),(1005,3,'2013-04-11 15:51:19','2013-04-11 15:56:45',6,1,'LEGUIZAMON, FELIX LUCIANO'),(1006,3,'2013-04-11 15:51:19','2013-04-11 15:56:45',6,1,'PIZZINI, FRANCISCO ANDRES'),(1007,3,'2013-04-11 15:51:19','2013-04-11 15:56:45',6,1,'RODRIGUEZ, AGUSTIN ELOY'),(1008,3,'2013-04-11 15:51:19','2013-04-11 15:56:45',6,1,'VIDAL, PATRICIO ELIAS'),(1009,2,'2013-04-11 15:51:20','2013-04-11 15:56:45',1,1,'MARCHESIN, AGUSTIN FEDERICO'),(1010,2,'2013-04-11 15:51:20','2013-04-11 15:56:45',1,1,'PUCHETA, JORGE'),(1011,2,'2013-04-11 15:51:20','2013-04-11 15:56:45',1,1,'SEQUEIRA, NICOLAS'),(1012,2,'2013-04-11 15:51:20','2013-04-11 15:56:45',3,1,'ARAUJO, CARLOS LUCIANO'),(1013,2,'2013-04-11 15:51:20','2013-04-11 15:56:45',3,1,'BALBI, LUCIANO DAMIAN'),(1014,2,'2013-04-11 15:51:20','2013-04-11 15:56:45',2,1,'GOLTZ, PAOLO DUVAL'),(1015,2,'2013-04-11 15:51:20','2013-04-11 15:56:45',NULL,1,'HERRERA, MARCELO LUIS'),(1016,2,'2013-04-11 15:51:20','2013-04-11 15:56:45',2,1,'IZQUIERDOZ, CARLOS ROBERTO'),(1017,2,'2013-04-11 15:51:20','2013-04-11 15:56:45',NULL,1,'PINTOS, MARCOS ARIEL'),(1018,2,'2013-04-11 15:51:20','2013-04-11 15:56:45',3,1,'VELAZQUEZ, MAXIMILIANO NICOLAS'),(1019,2,'2013-04-11 15:51:20','2013-04-11 15:56:45',2,1,'VIZCARRONDO, OSWALDO AUGUSTO'),(1020,2,'2013-04-11 15:51:20','2013-04-12 12:25:25',5,0,'AYALA, VICTOR HUGO'),(1021,2,'2013-04-11 15:51:20','2013-04-11 15:56:45',NULL,1,'BARRIENTOS, FERNANDO OMAR'),(1022,2,'2013-04-11 15:51:20','2013-04-11 15:56:45',5,1,'BENITEZ, OSCAR JUNIOR'),(1023,2,'2013-04-11 15:51:20','2013-04-11 15:56:45',6,1,'CHAVEZ, CRISTIAN MANUEL'),(1024,2,'2013-04-11 15:51:20','2013-04-11 15:56:46',4,1,'GONZALEZ, DIEGO HERNAN'),(1025,2,'2013-04-11 15:51:20','2013-04-11 15:56:46',NULL,1,'JAIME, JUAN'),(1026,2,'2013-04-11 15:51:20','2013-04-11 15:56:46',NULL,1,'PASQUINI, NICOLAS'),(1027,2,'2013-04-11 15:51:20','2013-04-11 15:56:46',4,1,'PIZARRO, GUIDO HERNAN'),(1028,2,'2013-04-11 15:51:20','2013-04-11 15:56:46',6,1,'REGUEIRO, MARIO IGNACIO'),(1029,2,'2013-04-11 15:51:20','2013-04-11 15:56:46',6,1,'BLANCO, ISMAEL'),(1030,2,'2013-04-11 15:51:20','2013-04-11 15:56:46',6,1,'DIAZ, LEANDRO NICOLAS'),(1031,2,'2013-04-11 15:51:20','2013-04-11 15:56:46',6,1,'LINAS, MATIAS ALEJO'),(1032,2,'2013-04-11 15:51:20','2013-04-12 12:25:25',6,0,'ROMERO, SILVIO'),(1033,2,'2013-04-11 15:51:20','2013-04-11 15:56:46',6,1,'SENA, ANDRES'),(1034,2,'2013-04-11 15:51:20','2013-04-11 15:56:46',6,1,'VERA PIRIS, LUCAS LEONEL'),(1035,2,'2013-04-11 15:51:20','2013-04-11 15:56:46',6,1,'VIDES, BRUNO LEONEL'),(1036,7,'2013-04-11 15:51:21','2013-04-11 15:56:46',1,1,'GUZMAN, NAHUEL IGNACIO'),(1037,7,'2013-04-11 15:51:21','2013-04-11 15:56:46',1,1,'PERATTA, SEBASTIAN DIEGO'),(1038,7,'2013-04-11 15:51:21','2013-04-11 15:56:46',3,1,'CACERES, MARCO ANTONIO'),(1039,7,'2013-04-11 15:51:21','2013-04-11 15:56:46',3,1,'DIAZ, CRISTIAN HERNAN'),(1040,7,'2013-04-11 15:51:21','2013-04-11 15:56:46',2,1,'HEINZE, GABRIEL IVAN'),(1041,7,'2013-04-11 15:51:21','2013-04-11 15:56:46',2,1,'LOPEZ, VICTOR RUBEN'),(1042,7,'2013-04-11 15:51:21','2013-04-11 15:56:46',NULL,1,'ORTIZ, GUILLERMO'),(1043,7,'2013-04-11 15:51:21','2013-04-11 15:56:46',NULL,1,'POLLACCHI, MAXIMILIANO IVAN'),(1044,7,'2013-04-11 15:51:21','2013-04-11 15:56:46',NULL,1,'VALLE, JONATHAN NAHUEL'),(1045,7,'2013-04-11 15:51:21','2013-04-12 12:25:25',2,0,'VERGINI, SANTIAGO'),(1046,7,'2013-04-11 15:51:21','2013-04-11 15:56:46',NULL,1,'AGUERO, JOSE VICENTE'),(1047,7,'2013-04-11 15:51:21','2013-04-11 15:56:46',4,1,'BERNARDI, LUCAS HORACIO'),(1048,7,'2013-04-11 15:51:21','2013-04-12 12:25:25',3,0,'CASCO, MILTON OSCAR'),(1049,7,'2013-04-11 15:51:21','2013-04-11 15:56:47',6,1,'CRUZADO, PAULO RINALDO'),(1050,7,'2013-04-11 15:51:21','2013-04-11 15:56:47',NULL,1,'FARAVELLI, LORENZO ABEL'),(1051,7,'2013-04-11 15:51:21','2013-04-11 15:56:47',3,1,'FERRACUTTI, GUILLERMO'),(1052,7,'2013-04-11 15:51:21','2013-04-11 15:56:47',6,1,'FIGUEROA, VICTOR ALBERTO'),(1053,7,'2013-04-11 15:51:21','2013-04-11 15:56:47',NULL,1,'HANCHEN, GABRIEL'),(1054,7,'2013-04-11 15:51:21','2013-04-11 15:56:47',NULL,1,'ISNALDO, EUGENIO HORACIO'),(1055,7,'2013-04-11 15:51:21','2013-04-11 15:56:47',4,1,'MATEO, DIEGO'),(1056,7,'2013-04-11 15:51:21','2013-04-11 15:56:47',5,1,'MUÑOZ, FABIAN'),(1057,7,'2013-04-11 15:51:21','2013-04-11 15:56:47',NULL,1,'ORZAN, HORACIO DE DIOS'),(1058,7,'2013-04-11 15:51:21','2013-04-12 12:25:25',5,0,'PEREZ, PABLO JAVIER'),(1059,7,'2013-04-11 15:51:21','2013-04-11 15:56:47',NULL,1,'PEREZ, MARCOS LEONEL'),(1060,7,'2013-04-11 15:51:21','2013-04-11 15:56:47',5,1,'RODRIGUEZ, MAXIMILIANO PABLO'),(1061,7,'2013-04-11 15:51:21','2013-04-11 15:56:47',6,1,'TONSO, MARTIN'),(1062,7,'2013-04-11 15:51:22','2013-04-11 15:56:47',NULL,1,'VIEYRA, JUAN IGNACIO'),(1063,7,'2013-04-11 15:51:22','2013-04-11 15:56:47',4,1,'VILLALBA, HERNAN RAUL'),(1064,7,'2013-04-11 15:51:22','2013-04-11 15:56:47',6,1,'ALTOAGUIRRE, HERNAN ALEXIS'),(1065,7,'2013-04-11 15:51:22','2013-04-11 15:56:47',6,1,'SCOCCO, IGNACIO MARTIN'),(1066,7,'2013-04-11 15:51:22','2013-04-11 15:56:47',6,1,'URRUTI, MAXIMILIANO NICOLAS'),(1067,16,'2013-04-11 15:51:22','2013-04-11 15:56:47',1,1,'DULCICH, SILVIO'),(1068,16,'2013-04-11 15:51:22','2013-04-11 15:56:47',1,1,'TRIPODI, EMANUEL'),(1069,16,'2013-04-11 15:51:22','2013-04-11 15:56:47',NULL,1,'ALEGRE, ALAN'),(1070,16,'2013-04-11 15:51:22','2013-04-11 15:56:47',2,1,'CARLI, MANUEL JOEL'),(1071,16,'2013-04-11 15:51:22','2013-04-11 15:56:47',3,1,'GARCIA, ZELMAR'),(1072,16,'2013-04-11 15:51:22','2013-04-11 15:56:47',2,1,'GOÑI, ERNESTO'),(1073,16,'2013-04-11 15:51:22','2013-04-11 15:56:47',2,1,'LEMA, CRISTIAN FRANCO'),(1074,16,'2013-04-11 15:51:22','2013-04-11 15:56:47',3,1,'LIMA, PABLO MARTIN'),(1075,16,'2013-04-11 15:51:22','2013-04-11 15:56:47',2,1,'MARTINEZ, SEBASTIAN RODRIGO'),(1076,16,'2013-04-11 15:51:22','2013-04-11 15:56:47',2,1,'OLIVERA, WILFREDO'),(1077,16,'2013-04-11 15:51:22','2013-04-11 15:56:48',3,1,'QUILEZ, ISMAEL ALBERTO'),(1078,16,'2013-04-11 15:51:22','2013-04-11 15:56:48',5,1,'SERRANO, JORGE'),(1079,16,'2013-04-11 15:51:22','2013-04-11 15:56:48',6,1,'CANEO, MIGUEL EDUARDO'),(1080,16,'2013-04-11 15:51:22','2013-04-11 15:56:48',NULL,1,'CARRASCO, EMILIANO'),(1081,16,'2013-04-11 15:51:22','2013-04-11 15:56:48',4,1,'COBO GALVEZ, JUAN MANUEL'),(1082,16,'2013-04-11 15:51:22','2013-04-11 15:56:48',5,1,'DIAZ, LEANDRO JAVIER'),(1083,16,'2013-04-11 15:51:22','2013-04-11 15:56:48',5,1,'ELIZARI, FERNANDO GASTON'),(1084,16,'2013-04-11 15:51:22','2013-04-11 15:56:48',5,1,'GARNIER, PABLO SEBASTIAN'),(1085,16,'2013-04-11 15:51:22','2013-04-11 15:56:48',NULL,1,'LOPEZ, MIGUEL PEDRO'),(1086,16,'2013-04-11 15:51:22','2013-04-11 15:56:48',NULL,1,'MANDARINO, GERMAN'),(1087,16,'2013-04-11 15:51:22','2013-04-11 15:56:48',5,1,'MANSILLA, JACOBO GUILLERMO'),(1088,16,'2013-04-11 15:51:22','2013-04-11 15:56:48',5,1,'MATTOS, PABLO SEBASTIAN'),(1089,16,'2013-04-11 15:51:22','2013-04-11 15:56:48',5,1,'ROMERO, SEBASTIAN ARIEL'),(1090,16,'2013-04-11 15:51:23','2013-04-11 15:56:48',6,1,'CAUTERUCCIO, MARTIN'),(1091,16,'2013-04-11 15:51:23','2013-04-11 15:56:48',6,1,'DIELLOS, DIEGO GASPAR'),(1092,16,'2013-04-11 15:51:23','2013-04-11 15:56:48',6,1,'DIZ, FACUNDO IGNACIO'),(1093,16,'2013-04-11 15:51:23','2013-04-11 15:56:48',6,1,'HIPPERDINGER, SERGIO GABRIEL'),(1094,16,'2013-04-11 15:51:23','2013-04-11 15:56:48',6,1,'INSAURRALDE, CRISTIAN'),(1095,16,'2013-04-11 15:51:23','2013-04-11 15:56:48',6,1,'MENENDEZ, CRISTIAN'),(1096,16,'2013-04-11 15:51:23','2013-04-11 15:56:48',6,1,'OBERMAN, GUSTAVO ANDRES'),(1097,16,'2013-04-11 15:51:23','2013-04-11 15:56:48',6,1,'TELECHEA, FERNANDO'),(1098,16,'2013-04-11 15:51:23','2013-04-11 15:56:48',6,1,'TOLOZA, SAUL ADRIAN'),(1099,5,'2013-04-11 15:51:23','2013-04-11 15:56:48',1,1,'DE OLIVERA, JORGE ALBERTO'),(1100,5,'2013-04-11 15:51:23','2013-04-11 15:56:48',1,1,'GALARTERNIK, DIEGO MARTIN'),(1101,5,'2013-04-11 15:51:23','2013-04-11 15:56:48',1,1,'MUSSO, JUAN AGUSTIN'),(1102,5,'2013-04-11 15:51:23','2013-04-11 15:56:48',1,1,'SAJA, SEBASTIAN DIEGO'),(1103,5,'2013-04-11 15:51:23','2013-04-11 15:56:49',2,1,'CAHAIS, MATIAS'),(1104,5,'2013-04-11 15:51:23','2013-04-11 15:56:49',3,1,'CORVALAN, CLAUDIO'),(1105,5,'2013-04-11 15:51:23','2013-04-11 15:56:49',3,1,'GARCIA, ALEJANDRO ANGEL'),(1106,5,'2013-04-11 15:51:23','2013-04-11 15:56:49',3,1,'LLUY, BRIAN EMANUEL'),(1107,5,'2013-04-11 15:51:23','2013-04-11 15:56:49',3,1,'MIGLIONICO, MARTIN LEONARDO'),(1108,5,'2013-04-11 15:51:23','2013-04-11 15:56:49',2,1,'ORTIZ, FERNANDO'),(1109,5,'2013-04-11 15:51:23','2013-04-11 15:56:49',3,1,'PILLUD, IVAN ALEXIS'),(1110,5,'2013-04-11 15:51:23','2013-04-11 15:56:49',NULL,1,'SAVELJICH, ESTEBAN ARIEL'),(1111,5,'2013-04-11 15:51:23','2013-04-11 15:56:49',NULL,1,'SILVA, HUGO EZEQUIEL'),(1112,5,'2013-04-11 15:51:23','2013-04-11 15:56:49',NULL,1,'VESCO, LUCAS'),(1113,5,'2013-04-11 15:51:23','2013-04-11 15:56:49',5,1,'AUED, LUCIANO ROMAN'),(1114,5,'2013-04-11 15:51:23','2013-04-11 15:56:49',4,1,'BOLATTI, MARIO ARIEL'),(1115,5,'2013-04-11 15:51:23','2013-04-11 15:56:49',5,1,'CAMORANESI, MAURO GERMAN'),(1116,5,'2013-04-11 15:51:23','2013-04-11 15:56:49',5,1,'DE PAUL, RODRIGO JAVIER'),(1117,5,'2013-04-11 15:51:24','2013-04-11 15:56:49',6,1,'FARIÑA, LUCAS CARLOS'),(1118,5,'2013-04-11 15:51:24','2013-04-11 15:56:49',NULL,1,'MELILLO, EZEQUIEL'),(1119,5,'2013-04-11 15:51:24','2013-04-12 12:25:25',4,0,'PELLETIERI, AGUSTIN DANIEL'),(1120,5,'2013-04-11 15:51:24','2013-04-11 15:56:49',5,1,'PEREZ GUEDES, MARTIN'),(1121,5,'2013-04-11 15:51:24','2013-04-11 15:56:49',NULL,1,'SANTA, DANIEL'),(1122,5,'2013-04-11 15:51:24','2013-04-11 15:56:49',5,1,'VILLAR, DIEGO NICOLAS'),(1123,5,'2013-04-11 15:51:24','2013-04-11 15:56:49',4,1,'ZUCCULINI, BRUNO'),(1124,5,'2013-04-11 15:51:24','2013-04-11 15:56:49',6,1,'CAMPORA, JAVIER EDGARDO'),(1125,5,'2013-04-11 15:51:24','2013-04-11 15:56:49',6,1,'SAND, JOSE GUSTAVO'),(1126,5,'2013-04-11 15:51:24','2013-04-11 15:56:49',6,1,'VIETTO, LUCIANO DARIO'),(1127,6,'2013-04-11 15:51:24','2013-04-11 15:56:49',1,1,'BAROVERO, MARCELO ALBERTO'),(1128,6,'2013-04-11 15:51:24','2013-04-11 15:56:49',1,1,'CHICHIZOLA, LEANDRO'),(1129,6,'2013-04-11 15:51:24','2013-04-11 15:56:50',NULL,1,'ABECASIS, LUCIANO ANDRES'),(1130,6,'2013-04-11 15:51:24','2013-04-11 15:56:50',NULL,1,'BALANTA, EDER FABIAN'),(1131,6,'2013-04-11 15:51:24','2013-04-11 15:56:50',2,1,'BOTTINELLI, JONATHAN PABLO'),(1132,6,'2013-04-11 15:51:24','2013-04-11 15:56:50',NULL,1,'FUNES MORI, JOSE RAMIRO'),(1133,6,'2013-04-11 15:51:24','2013-04-11 15:56:50',2,1,'GONZALEZ PIREZ, LEANDRO MARTIN'),(1134,6,'2013-04-11 15:51:24','2013-04-11 15:56:50',2,1,'MAIDANA, JONATHAN RAMON'),(1135,6,'2013-04-11 15:51:24','2013-04-11 15:56:50',NULL,1,'MARTINEZ, DIEGO HERMES'),(1136,6,'2013-04-11 15:51:24','2013-04-11 15:56:50',3,1,'MERCADO, GABRIEL IVAN'),(1137,6,'2013-04-11 15:51:25','2013-04-11 15:56:50',2,1,'PEZZELA, GERMAN ALEJO'),(1138,6,'2013-04-11 15:51:25','2013-04-11 15:56:50',2,1,'ROMAN, ADALBERTO'),(1139,6,'2013-04-11 15:51:25','2013-04-11 15:56:50',NULL,1,'SILGUERO, SEBASTIAN'),(1140,6,'2013-04-11 15:51:25','2013-04-11 15:56:50',4,1,'ACEVEDO, WALTER ANIBAL'),(1141,6,'2013-04-11 15:51:25','2013-04-11 15:56:50',5,1,'AGUIRRE, MARTIN SEBASTIAN'),(1142,6,'2013-04-11 15:51:25','2013-04-11 15:56:50',4,1,'CIRIGLIANO, ANDRES EZEQUIEL'),(1143,6,'2013-04-11 15:51:25','2013-04-11 15:56:50',6,1,'DIAZ, MAURO ALBERTO'),(1144,6,'2013-04-11 15:51:25','2013-04-11 15:56:50',NULL,1,'KRANEVITTER, CLAUDIO MATIAS'),(1145,6,'2013-04-11 15:51:25','2013-04-11 15:56:50',6,1,'LANZINI, MANUEL'),(1146,6,'2013-04-11 15:51:25','2013-04-11 15:56:50',4,1,'LEDESMA, CRISTIAN RAUL'),(1147,6,'2013-04-11 15:51:25','2013-04-11 15:56:50',4,1,'PONZIO, LEONARDO DANIEL'),(1148,6,'2013-04-11 15:51:25','2013-04-11 15:56:50',NULL,1,'QUIGNON, FACUNDO TOMAS'),(1149,6,'2013-04-11 15:51:25','2013-04-11 15:56:50',5,1,'ROJAS, ARIEL MAURICIO'),(1150,6,'2013-04-11 15:51:25','2013-04-11 15:56:50',5,1,'SANCHEZ, CARLOS ANDRES'),(1151,6,'2013-04-11 15:51:25','2013-04-11 15:56:50',NULL,1,'SOLARI, AUGUSTO JORGE MATEO'),(1152,6,'2013-04-11 15:51:25','2013-04-11 15:56:50',5,1,'VANGIONI, LEONEL JESUS'),(1153,6,'2013-04-11 15:51:25','2013-04-11 15:56:50',6,1,'FUNES MORI, ROGELIO GABRIEL'),(1154,6,'2013-04-11 15:51:25','2013-04-11 15:56:50',6,1,'ITURBE, JUAN MANUEL'),(1155,6,'2013-04-11 15:51:25','2013-04-11 15:56:50',6,1,'LUNA, CARLOS ARIEL'),(1156,6,'2013-04-11 15:51:25','2013-04-11 15:56:50',6,1,'MORA, RODRIGO NICANOR'),(1157,6,'2013-04-11 15:51:25','2013-04-11 15:56:50',6,1,'TREZEGUET, DAVID SERGIO'),(1158,6,'2013-04-11 15:51:25','2013-04-11 15:56:51',6,1,'VILA, LUIS'),(1159,4,'2013-04-11 15:51:25','2013-04-11 15:56:51',1,1,'IBAÑEZ, MATIAS ALEJANDRO'),(1160,4,'2013-04-11 15:51:25','2013-04-11 15:56:51',1,1,'MASTROLIA, EZEQUIEL'),(1161,4,'2013-04-11 15:51:25','2013-04-11 15:56:51',1,1,'MIGLIORE, PABLO ALEJANDRO'),(1162,4,'2013-04-11 15:51:25','2013-04-11 15:56:51',NULL,1,'ALEMANDI, ALEJANDRO'),(1163,4,'2013-04-11 15:51:25','2013-04-11 15:56:51',3,1,'CARMONA, GIANCARLO'),(1164,4,'2013-04-11 15:51:25','2013-04-11 15:56:51',NULL,1,'CATALAN, MATIAS EZEQUIEL'),(1165,4,'2013-04-11 15:51:26','2013-04-11 15:56:51',2,1,'CETTO, MAURO DARIO JESUS'),(1166,4,'2013-04-11 15:51:26','2013-04-11 15:56:51',2,1,'GENTILETTI, SANTIAGO JUAN'),(1167,4,'2013-04-11 15:51:26','2013-04-11 15:56:51',NULL,1,'KANNEMMAN, WALTER'),(1168,4,'2013-04-11 15:51:26','2013-04-11 15:56:51',3,1,'MARTINEZ, DAMIAN ALBERTO'),(1169,4,'2013-04-11 15:51:26','2013-04-11 15:56:51',2,1,'MASUERO, ABEL LUIS'),(1170,4,'2013-04-11 15:51:26','2013-04-11 15:56:51',NULL,1,'MEZA, FERNANDO NICOLAS'),(1171,4,'2013-04-11 15:51:26','2013-04-11 15:56:51',NULL,1,'PALOMINO, JOSE LUIS'),(1172,4,'2013-04-11 15:51:26','2013-04-11 15:56:51',NULL,1,'PERALES, VALENTIN'),(1173,4,'2013-04-11 15:51:26','2013-04-11 15:56:51',3,1,'PROSPERI, GONZALO SEBASTIAN'),(1174,4,'2013-04-11 15:51:26','2013-04-11 15:56:51',3,1,'VOBORIL, GERMAN ARIEL'),(1175,4,'2013-04-11 15:51:26','2013-04-11 15:56:51',5,1,'AGUIAR, LUIS BERNARDO'),(1176,4,'2013-04-11 15:51:26','2013-04-11 15:56:51',2,1,'ALVARADO, PABLO ANDRES'),(1177,4,'2013-04-11 15:51:26','2013-04-11 15:56:51',NULL,1,'BERTOCCHI, NICOLAS'),(1178,4,'2013-04-11 15:51:26','2013-04-11 15:56:51',5,1,'BUFFARINI, JULIO'),(1179,4,'2013-04-11 15:51:26','2013-04-11 15:56:51',NULL,1,'CORREA, ANGEL MARTIN'),(1180,4,'2013-04-11 15:51:26','2013-04-11 15:56:51',4,1,'KALINSKI, ENZO MAXIMILIANO'),(1181,4,'2013-04-11 15:51:26','2013-04-11 15:56:51',4,1,'MERCIER, JUAN IGNACIO'),(1182,4,'2013-04-11 15:51:26','2013-04-11 15:56:51',5,1,'MIRABAJES, MATIAS'),(1183,4,'2013-04-11 15:51:26','2013-04-11 15:56:51',NULL,1,'NAVARRO, LEANDRO'),(1184,4,'2013-04-11 15:51:26','2013-04-11 15:56:51',NULL,1,'PACHECO, JONATHAN ANDRES'),(1185,4,'2013-04-11 15:51:26','2013-04-11 15:56:51',5,1,'PIATTI, IGNACIO'),(1186,4,'2013-04-11 15:51:26','2013-04-11 15:56:52',NULL,1,'RAMIREZ, JULIO GONZALO JONATHAN'),(1187,4,'2013-04-11 15:51:26','2013-04-11 15:56:52',NULL,1,'REYNOSO, SALVADOR AGUSTIN'),(1188,4,'2013-04-11 15:51:26','2013-04-11 15:56:52',6,1,'ROMAGNOLI, LEANDRO ATILIO'),(1189,4,'2013-04-11 15:51:26','2013-04-11 15:56:52',5,1,'RUIZ, ALAN NAHUEL'),(1190,4,'2013-04-11 15:51:26','2013-04-11 15:56:52',6,1,'BORDAGARAY, FABIAN ROMAN'),(1191,4,'2013-04-11 15:51:26','2013-04-11 15:56:52',6,1,'CONTRERAS, RODRIGO'),(1192,4,'2013-04-11 15:51:27','2013-04-11 15:56:52',6,1,'JARA, FRANCO DANIEL'),(1193,4,'2013-04-11 15:51:27','2013-04-11 15:56:52',6,1,'STRACQUALURSI, DENIS'),(1194,4,'2013-04-11 15:51:27','2013-04-11 15:56:52',6,1,'VERON, GONZALO ALBERTO'),(1195,4,'2013-04-11 15:51:27','2013-04-11 15:56:52',6,1,'VILLALBA, HECTOR DANIEL'),(1196,19,'2013-04-11 15:51:27','2013-04-11 15:56:52',1,1,'ARDENTE, LUIS EMANUEL'),(1197,19,'2013-04-11 15:51:27','2013-04-11 15:56:52',1,1,'CORTI, LEONARDO ANDRES'),(1198,19,'2013-04-11 15:51:27','2013-04-11 15:56:52',1,1,'POCRNJIC, LUCIANO DARIO'),(1199,19,'2013-04-11 15:51:27','2013-04-11 15:56:52',1,1,'URRABURU, FEDERICO'),(1200,19,'2013-04-11 15:51:27','2013-04-11 15:56:52',NULL,1,'ALARCON, FRANCISCO'),(1201,19,'2013-04-11 15:51:27','2013-04-11 15:56:52',3,1,'ALVAREZ, CRISTIAN OSVALDO'),(1202,19,'2013-04-11 15:51:27','2013-04-11 15:56:52',2,1,'HOYOS, SANTIAGO ABEL'),(1203,19,'2013-04-11 15:51:27','2013-04-11 15:56:52',3,1,'LANDA, LUCAS LEON'),(1204,19,'2013-04-11 15:51:27','2013-04-11 15:56:52',3,1,'MAS, EMANUEL MATIAS'),(1205,19,'2013-04-11 15:51:27','2013-04-11 15:56:52',2,1,'MATTIA, JUAN FRANCISCO'),(1206,19,'2013-04-11 15:51:28','2013-04-11 15:56:52',3,1,'OLIVA, MAXIMILIANO FERNANDO'),(1207,19,'2013-04-11 15:51:28','2013-04-11 15:56:52',5,1,'AFFRANCHINO, FACUNDO ANDRES'),(1208,19,'2013-04-11 15:51:28','2013-04-11 15:56:53',4,1,'ALDERETE, REINALDO ANDRES'),(1209,19,'2013-04-11 15:51:28','2013-04-11 15:56:53',5,1,'BOGADO, MAURO EZEQUIEL'),(1210,19,'2013-04-11 15:51:28','2013-04-11 15:56:53',6,1,'BOLAÑOS, LUIS ALBERTO'),(1211,19,'2013-04-11 15:51:28','2013-04-11 15:56:53',4,1,'BUSTOS, MAXIMILIANO ANDRES'),(1212,19,'2013-04-11 15:51:28','2013-04-11 15:56:53',4,1,'CANTERO, PABLO DANIEL'),(1213,19,'2013-04-11 15:51:28','2013-04-11 15:56:53',2,1,'CANUTO, DAMIAN GABRIEL'),(1214,19,'2013-04-11 15:51:28','2013-04-11 15:56:53',4,1,'LEDESMA, DAMIAN DAVID'),(1215,19,'2013-04-11 15:51:28','2013-04-11 15:56:53',5,1,'LUNA, JORGE LUIS'),(1216,19,'2013-04-11 15:51:28','2013-04-11 15:56:53',NULL,1,'PELAITAY, NICOLAS'),(1217,19,'2013-04-11 15:51:28','2013-04-11 15:56:53',5,1,'POGGI, FEDERICO HERNAN'),(1218,19,'2013-04-11 15:51:28','2013-04-11 15:56:53',NULL,1,'QUIROGA, RAUL ALBERTO'),(1219,19,'2013-04-11 15:51:28','2013-04-11 15:56:53',NULL,1,'SALAS, LUCAS EZEQUIEL'),(1220,19,'2013-04-11 15:51:28','2013-04-11 15:56:53',NULL,1,'TEJADA, JONATHAN'),(1221,19,'2013-04-11 15:51:28','2013-04-11 15:56:53',NULL,1,'VELAZQUEZ, LEANDRO SEBASTIAN'),(1222,19,'2013-04-11 15:51:28','2013-04-11 15:56:53',6,1,'CAPRARI, GASTON NICOLAS'),(1223,19,'2013-04-11 15:51:28','2013-04-11 15:56:53',6,1,'GARCIA, DIEGO ALEJANDRO'),(1224,19,'2013-04-11 15:51:28','2013-04-11 15:56:53',6,1,'GRAF, CLAUDIO FERNANDO'),(1225,19,'2013-04-11 15:51:28','2013-04-11 15:56:54',6,1,'OSORIO, HUMBERTO SEGUNDO'),(1226,19,'2013-04-11 15:51:28','2013-04-11 15:56:54',6,1,'PENCO, SEBASTIAN ARIEL'),(1227,19,'2013-04-11 15:51:28','2013-04-11 15:56:54',6,1,'RIAÑO, CLAUDIO'),(1228,19,'2013-04-11 15:51:28','2013-04-11 15:56:54',6,1,'ROMERO, EMILIANO ELIAS'),(1229,14,'2013-04-11 15:51:28','2013-04-11 15:56:54',1,1,'ALBIL, DAMIAN GONZALO'),(1230,14,'2013-04-11 15:51:28','2013-04-11 15:56:54',1,1,'COUSILLAS, AGUSTIN SEBASTIAN'),(1231,14,'2013-04-11 15:51:28','2013-04-11 15:56:54',1,1,'GARCIA, JAVIER HERNAN'),(1232,14,'2013-04-11 15:51:28','2013-04-11 15:56:54',3,1,'DIAZ, ANGEL GASTON'),(1233,14,'2013-04-11 15:51:28','2013-04-11 15:56:54',2,1,'DONATTI, ALEJANDRO CESAR'),(1234,14,'2013-04-11 15:51:29','2013-04-11 15:56:54',2,1,'ECHEVERRIA, MARIANO RAUL'),(1235,14,'2013-04-11 15:51:29','2013-04-11 15:56:54',NULL,1,'GODOY, ERIK FERNANDO'),(1236,14,'2013-04-11 15:51:29','2013-04-11 15:56:54',NULL,1,'MALAGUEÑO, JAVIER HERNAN'),(1237,14,'2013-04-11 15:51:29','2013-04-11 15:56:54',NULL,1,'MARTINEZ, NICOLAS'),(1238,14,'2013-04-11 15:51:29','2013-04-11 15:56:54',3,1,'ORBAN, LUCAS ALFONSO'),(1239,14,'2013-04-11 15:51:29','2013-04-11 15:56:54',2,1,'PAPARATTO, NORBERTO JAVIER'),(1240,14,'2013-04-11 15:51:29','2013-04-11 15:56:54',NULL,1,'ARZURA, JOAQUIN'),(1241,14,'2013-04-11 15:51:29','2013-04-11 15:56:54',6,1,'BOTTA, RUBEN ALEJANDRO'),(1242,14,'2013-04-11 15:51:29','2013-04-11 15:56:54',5,1,'CARRASCO, NELSON JAVIER'),(1243,14,'2013-04-11 15:51:29','2013-04-11 15:56:54',4,1,'CASTAÑO, DIEGO RAFAEL'),(1244,14,'2013-04-11 15:51:29','2013-04-11 15:56:54',NULL,1,'CISTERNA, DIEGO RUBEN'),(1245,14,'2013-04-11 15:51:29','2013-04-11 15:56:54',NULL,1,'ELLACOPULOS, EMILIANO'),(1246,14,'2013-04-11 15:51:29','2013-04-11 15:56:54',4,1,'ESCOBAR, MATIAS LEONARDO'),(1247,14,'2013-04-11 15:51:29','2013-04-11 15:56:54',NULL,1,'FERREIRA, DIEGO'),(1248,14,'2013-04-11 15:51:29','2013-04-11 15:56:54',5,1,'GALMARINI, MARTIN'),(1249,14,'2013-04-11 15:51:29','2013-04-11 15:56:54',NULL,1,'ITABEL, KEVIN FABIAN EMILIANO'),(1250,14,'2013-04-11 15:51:29','2013-04-11 15:56:55',NULL,1,'IVANOVSKY, CRISTIAN'),(1251,14,'2013-04-11 15:51:29','2013-04-11 15:56:55',NULL,1,'JANSON, LUCAS'),(1252,14,'2013-04-11 15:51:29','2013-04-11 15:56:55',5,1,'LEONE, RAMIRO EMILIANO'),(1253,14,'2013-04-11 15:51:29','2013-04-11 15:56:55',NULL,1,'MEJIA, JONATHAN YULIAN'),(1254,14,'2013-04-11 15:51:29','2013-04-11 15:56:55',NULL,1,'MENOSSI, LUCAS ARIEL'),(1255,14,'2013-04-11 15:51:29','2013-04-11 15:56:55',5,1,'PEÑALBA, GABRIEL MARTIN'),(1256,14,'2013-04-11 15:51:29','2013-04-11 15:56:55',5,1,'PEREZ GARCIA, MATIAS AUGUSTO'),(1257,14,'2013-04-11 15:51:30','2013-04-11 15:56:55',4,1,'PIO, ARIEL EMANUEL'),(1258,14,'2013-04-11 15:51:30','2013-04-11 15:56:55',5,1,'RUSCULLEDA, SEBASTIAN'),(1259,14,'2013-04-11 15:51:30','2013-04-11 15:56:55',6,1,'FTCLA, DIEGO NADIR'),(1260,14,'2013-04-11 15:51:30','2013-04-11 15:56:55',6,1,'LEGUIZAMON, LEANDRO LUJAN'),(1261,14,'2013-04-11 15:51:30','2013-04-11 15:56:55',6,1,'MAGGIOLO, EZEQUIEL CARLOS'),(1262,14,'2013-04-11 15:51:30','2013-04-11 15:56:55',6,1,'SANTANDER, FEDERICO JAVIER'),(1263,14,'2013-04-11 15:51:30','2013-04-11 15:56:55',6,1,'TORASSA, AGUSTIN GONZALO'),(1264,18,'2013-04-11 15:51:30','2013-04-11 15:56:55',1,1,'LIMIA, OSCAR ALEJANDRO'),(1265,18,'2013-04-11 15:51:30','2013-04-11 15:56:55',1,1,'PERAFAN, PABLO MARTIN'),(1266,18,'2013-04-11 15:51:30','2013-04-11 15:56:55',NULL,1,'ANTONIAZZI, MARTIN FRANCISCO'),(1267,18,'2013-04-11 15:51:30','2013-04-11 15:56:55',2,1,'AVENDAÑO, JUAN PABLO'),(1268,18,'2013-04-11 15:51:30','2013-04-11 15:56:55',NULL,1,'BARISONE, DIEGO FRANCISCO'),(1269,18,'2013-04-11 15:51:30','2013-04-11 15:56:55',3,1,'BIANCHI, BRUNO FELIX'),(1270,18,'2013-04-11 15:51:30','2013-04-11 15:56:55',NULL,1,'BRITEZ, EMANNUEL'),(1271,18,'2013-04-11 15:51:30','2013-04-11 15:56:55',2,1,'CORREA, NICOLAS'),(1272,18,'2013-04-11 15:51:30','2013-04-11 15:56:55',NULL,1,'COSARO, GUILLERMO'),(1273,18,'2013-04-11 15:51:30','2013-04-11 15:56:55',NULL,1,'MAIDANA, MAURO ANGEL'),(1274,18,'2013-04-11 15:51:30','2013-04-11 15:56:55',NULL,1,'PEREZ, DANIEL ALEJANDRO'),(1275,18,'2013-04-11 15:51:30','2013-04-11 15:56:55',NULL,1,'ZURBRIGGEN, SANTIAGO'),(1276,18,'2013-04-11 15:51:30','2013-04-11 15:56:56',5,1,'ALEMAN, BRAIAN'),(1277,18,'2013-04-11 15:51:30','2013-04-11 15:56:56',4,1,'BRUNA, PABLO NICOLAS'),(1278,18,'2013-04-11 15:51:30','2013-04-11 15:56:56',5,1,'DONNET, MATIAS ABEL'),(1279,18,'2013-04-11 15:51:30','2013-04-11 15:56:56',NULL,1,'FERNANDEZ, SERGIO ALEXIS'),(1280,18,'2013-04-11 15:51:30','2013-04-11 15:56:56',5,1,'GALVAN, DIEGO ALBERTO'),(1281,18,'2013-04-11 15:51:30','2013-04-11 15:56:56',NULL,1,'MIGUEZ, PABLO NICOLAS'),(1282,18,'2013-04-11 15:51:31','2013-04-11 15:56:56',NULL,1,'MONTERO, FAUSTO EMANUEL'),(1283,18,'2013-04-11 15:51:31','2013-04-11 15:56:56',NULL,1,'MORENO, EMANUEL'),(1284,18,'2013-04-11 15:51:31','2013-04-11 15:56:56',4,1,'SARMIENTO, MARCELO'),(1285,18,'2013-04-11 15:51:31','2013-04-11 15:56:56',6,1,'ACOSTA, RICARDO JAVIER'),(1286,18,'2013-04-11 15:51:31','2013-04-11 15:56:56',6,1,'CAVALLARO, JUAN IGNACIO'),(1287,18,'2013-04-11 15:51:31','2013-04-11 15:56:56',6,1,'CHIAPELLO, FEDERICO'),(1288,18,'2013-04-11 15:51:31','2013-04-11 15:56:56',6,1,'FRANZOIA, ANDRES'),(1289,18,'2013-04-11 15:51:31','2013-04-11 15:56:56',6,1,'JARA, DIEGO DANIEL'),(1290,18,'2013-04-11 15:51:31','2013-04-11 15:56:56',6,1,'LIZIO, DAMIAN EMANUEL'),(1291,18,'2013-04-11 15:51:31','2013-04-11 15:56:56',6,1,'MAGNIN, PABLO DANIEL'),(1292,8,'2013-04-11 15:51:31','2013-04-11 15:56:56',1,1,'AGUERRE, ALAN'),(1293,8,'2013-04-11 15:51:31','2013-04-11 15:56:56',1,1,'MONTOYA, MARCELO GERMAN'),(1294,8,'2013-04-11 15:51:31','2013-04-11 15:56:56',1,1,'SOSA, CARLOS SEBASTIAN'),(1295,8,'2013-04-11 15:51:31','2013-04-11 15:56:56',NULL,1,'ALVAREZ, SEBASTIAN'),(1296,8,'2013-04-11 15:51:31','2013-04-11 15:56:56',3,1,'BITTOLO, MARIANO EZEQUIEL'),(1297,8,'2013-04-11 15:51:31','2013-04-11 15:56:56',3,1,'CUBERO, FABIAN ALBERTO'),(1298,8,'2013-04-11 15:51:31','2013-04-11 15:56:56',2,1,'DOMINGUEZ, SEBASTIAN ENRIQUE'),(1299,8,'2013-04-11 15:51:31','2013-04-11 15:56:56',NULL,1,'GIANETTI, LAUTARO'),(1300,8,'2013-04-11 15:51:31','2013-04-11 15:56:56',NULL,1,'JEREZ, ERIK MANUEL'),(1301,8,'2013-04-11 15:51:31','2013-04-11 15:56:56',NULL,1,'OLIVERA, EMANUEL'),(1302,8,'2013-04-11 15:51:31','2013-04-11 15:56:56',3,1,'PAPA, EMILIANO RAMIRO'),(1303,8,'2013-04-11 15:51:31','2013-04-12 12:25:25',3,0,'PERUZZI, GINO'),(1304,8,'2013-04-11 15:51:31','2013-04-11 15:56:57',2,1,'SABIA, JUAN ALBERTO'),(1305,8,'2013-04-11 15:51:31','2013-04-11 15:56:57',2,1,'SILLS, JUAN IGNACIO'),(1306,8,'2013-04-11 15:51:31','2013-04-11 15:56:57',2,1,'TOBIO, FERNANDO OMAR'),(1307,8,'2013-04-11 15:51:31','2013-04-11 15:56:57',5,1,'ALLIONE, AGUSTIN LIONEL'),(1308,8,'2013-04-11 15:51:32','2013-04-11 15:56:57',5,1,'BELLA, IVAN GONZALO'),(1309,8,'2013-04-11 15:51:32','2013-04-11 15:56:57',4,1,'CABRAL, ALEJANDRO ARIEL'),(1310,8,'2013-04-11 15:51:32','2013-04-11 15:56:57',NULL,1,'CASERES, RAMIRO JULIAN'),(1311,8,'2013-04-11 15:51:32','2013-04-11 15:56:57',4,1,'CERRO, FRANCISCO JAVIER'),(1312,8,'2013-04-11 15:51:32','2013-04-11 15:56:57',NULL,1,'DESABATO, LEANDRO LUIS'),(1313,8,'2013-04-11 15:51:32','2013-04-11 15:56:57',5,1,'FERREIRA, BRIAN'),(1314,8,'2013-04-11 15:51:32','2013-04-11 15:56:57',NULL,1,'FIORAVANTI, LEANDRO'),(1315,8,'2013-04-11 15:51:32','2013-04-11 15:56:57',NULL,1,'FREIRE, FEDERICO'),(1316,8,'2013-04-11 15:51:32','2013-04-11 15:56:57',NULL,1,'FRIDMAN, LUCIANO'),(1317,8,'2013-04-11 15:51:32','2013-04-11 15:56:57',4,1,'GAGO, FERNANDO RUBEN'),(1318,8,'2013-04-11 15:51:32','2013-04-11 15:56:57',6,1,'INSUA, FEDERICO'),(1319,8,'2013-04-11 15:51:32','2013-04-11 15:56:57',NULL,1,'PUCHETA, EDUARDO'),(1320,8,'2013-04-11 15:51:32','2013-04-11 15:56:57',4,1,'RAZOTTI, FRANCO'),(1321,8,'2013-04-11 15:51:32','2013-04-11 15:56:57',4,1,'ROMERO, LUCAS'),(1322,8,'2013-04-11 15:51:32','2013-04-11 15:56:57',6,1,'CELIS, DIEGO ADRIAN'),(1323,8,'2013-04-11 15:51:32','2013-04-11 15:56:57',6,1,'COPETE, JONATHAN'),(1324,8,'2013-04-11 15:51:32','2013-04-11 15:56:57',6,1,'FERREYRA, FACUNDO'),(1325,8,'2013-04-11 15:51:32','2013-04-12 12:25:25',6,0,'PRATTO, LUCAS DAVID'),(1326,8,'2013-04-11 15:51:32','2013-04-11 15:56:57',6,1,'RESCALDINI, EZEQUIEL'),(1327,8,'2013-04-11 15:51:32','2013-04-11 15:56:57',6,1,'VAZQUEZ, FEDERICO NAHUEL');
/*!40000 ALTER TABLE `jugadors` ENABLE KEYS */;
UNLOCK TABLES;

--
-- Table structure for table `participantes`
--

DROP TABLE IF EXISTS `participantes`;
/*!40101 SET @saved_cs_client     = @@character_set_client */;
/*!40101 SET character_set_client = utf8 */;
CREATE TABLE `participantes` (
  `id` int(11) NOT NULL AUTO_INCREMENT,
  `nombre` varchar(255) COLLATE utf8_unicode_ci DEFAULT NULL,
  `apellido` varchar(255) COLLATE utf8_unicode_ci DEFAULT NULL,
  `apodo` varchar(255) COLLATE utf8_unicode_ci DEFAULT NULL,
  `user_id` int(11) DEFAULT NULL,
  `created_at` datetime NOT NULL,
  `updated_at` datetime NOT NULL,
  PRIMARY KEY (`id`)
) ENGINE=InnoDB AUTO_INCREMENT=3 DEFAULT CHARSET=utf8 COLLATE=utf8_unicode_ci;
/*!40101 SET character_set_client = @saved_cs_client */;

--
-- Dumping data for table `participantes`
--

LOCK TABLES `participantes` WRITE;
/*!40000 ALTER TABLE `participantes` DISABLE KEYS */;
INSERT INTO `participantes` VALUES (1,'Marcelo','González','Pelly',1,'2013-03-10 22:13:41','2013-03-10 22:13:41'),(2,'Diego','Capusotto','Capu',2,'2013-04-04 16:03:11','2013-04-04 16:03:11');
/*!40000 ALTER TABLE `participantes` ENABLE KEYS */;
UNLOCK TABLES;

--
-- Table structure for table `posicion_tacticas`
--

DROP TABLE IF EXISTS `posicion_tacticas`;
/*!40101 SET @saved_cs_client     = @@character_set_client */;
/*!40101 SET character_set_client = utf8 */;
CREATE TABLE `posicion_tacticas` (
  `id` int(11) NOT NULL AUTO_INCREMENT,
  `tactica_id` int(11) DEFAULT NULL,
  `posicion_id` int(11) DEFAULT NULL,
  `fecha_desde` date DEFAULT NULL,
  `fecha_hasta` date DEFAULT NULL,
  `created_at` datetime NOT NULL,
  `updated_at` datetime NOT NULL,
  PRIMARY KEY (`id`)
) ENGINE=InnoDB DEFAULT CHARSET=utf8 COLLATE=utf8_unicode_ci;
/*!40101 SET character_set_client = @saved_cs_client */;

--
-- Dumping data for table `posicion_tacticas`
--

LOCK TABLES `posicion_tacticas` WRITE;
/*!40000 ALTER TABLE `posicion_tacticas` DISABLE KEYS */;
/*!40000 ALTER TABLE `posicion_tacticas` ENABLE KEYS */;
UNLOCK TABLES;

--
-- Table structure for table `posicions`
--

DROP TABLE IF EXISTS `posicions`;
/*!40101 SET @saved_cs_client     = @@character_set_client */;
/*!40101 SET character_set_client = utf8 */;
CREATE TABLE `posicions` (
  `id` int(11) NOT NULL AUTO_INCREMENT,
  `nombre` varchar(255) COLLATE utf8_unicode_ci DEFAULT NULL,
  `created_at` datetime NOT NULL,
  `updated_at` datetime NOT NULL,
  PRIMARY KEY (`id`)
) ENGINE=InnoDB AUTO_INCREMENT=7 DEFAULT CHARSET=utf8 COLLATE=utf8_unicode_ci;
/*!40101 SET character_set_client = @saved_cs_client */;

--
-- Dumping data for table `posicions`
--

LOCK TABLES `posicions` WRITE;
/*!40000 ALTER TABLE `posicions` DISABLE KEYS */;
INSERT INTO `posicions` VALUES (1,'Arquero','2013-03-11 11:48:25','2013-03-11 11:48:25'),(2,'Defensor Central','2013-03-11 11:48:34','2013-03-11 11:48:34'),(3,'Defensor Lateral','2013-03-11 11:48:42','2013-03-11 11:48:42'),(4,'Volante Central','2013-03-11 11:48:54','2013-03-11 11:48:54'),(5,'Volante Lateral','2013-03-11 11:49:09','2013-03-11 12:40:16'),(6,'Delantero','2013-03-11 11:49:17','2013-03-11 11:49:17');
/*!40000 ALTER TABLE `posicions` ENABLE KEYS */;
UNLOCK TABLES;

--
-- Table structure for table `role_permissions`
--

DROP TABLE IF EXISTS `role_permissions`;
/*!40101 SET @saved_cs_client     = @@character_set_client */;
/*!40101 SET character_set_client = utf8 */;
CREATE TABLE `role_permissions` (
  `id` int(11) NOT NULL AUTO_INCREMENT,
  `role_id` int(11) DEFAULT NULL,
  `regulator` varchar(255) COLLATE utf8_unicode_ci DEFAULT NULL,
  `conduct` varchar(255) COLLATE utf8_unicode_ci DEFAULT NULL,
  `created_at` datetime NOT NULL,
  `updated_at` datetime NOT NULL,
  PRIMARY KEY (`id`)
) ENGINE=InnoDB DEFAULT CHARSET=utf8 COLLATE=utf8_unicode_ci;
/*!40101 SET character_set_client = @saved_cs_client */;

--
-- Dumping data for table `role_permissions`
--

LOCK TABLES `role_permissions` WRITE;
/*!40000 ALTER TABLE `role_permissions` DISABLE KEYS */;
/*!40000 ALTER TABLE `role_permissions` ENABLE KEYS */;
UNLOCK TABLES;

--
-- Table structure for table `role_roles`
--

DROP TABLE IF EXISTS `role_roles`;
/*!40101 SET @saved_cs_client     = @@character_set_client */;
/*!40101 SET character_set_client = utf8 */;
CREATE TABLE `role_roles` (
  `id` int(11) NOT NULL AUTO_INCREMENT,
  `role_id` int(11) DEFAULT NULL,
  `parent_id` int(11) DEFAULT NULL,
  `created_at` datetime NOT NULL,
  `updated_at` datetime NOT NULL,
  PRIMARY KEY (`id`)
) ENGINE=InnoDB DEFAULT CHARSET=utf8 COLLATE=utf8_unicode_ci;
/*!40101 SET character_set_client = @saved_cs_client */;

--
-- Dumping data for table `role_roles`
--

LOCK TABLES `role_roles` WRITE;
/*!40000 ALTER TABLE `role_roles` DISABLE KEYS */;
/*!40000 ALTER TABLE `role_roles` ENABLE KEYS */;
UNLOCK TABLES;

--
-- Table structure for table `roles`
--

DROP TABLE IF EXISTS `roles`;
/*!40101 SET @saved_cs_client     = @@character_set_client */;
/*!40101 SET character_set_client = utf8 */;
CREATE TABLE `roles` (
  `id` int(11) NOT NULL AUTO_INCREMENT,
  `description` varchar(255) COLLATE utf8_unicode_ci DEFAULT NULL,
  `created_at` datetime NOT NULL,
  `updated_at` datetime NOT NULL,
  PRIMARY KEY (`id`)
) ENGINE=InnoDB AUTO_INCREMENT=3 DEFAULT CHARSET=utf8 COLLATE=utf8_unicode_ci;
/*!40101 SET character_set_client = @saved_cs_client */;

--
-- Dumping data for table `roles`
--

LOCK TABLES `roles` WRITE;
/*!40000 ALTER TABLE `roles` DISABLE KEYS */;
INSERT INTO `roles` VALUES (1,'admin','2013-03-08 16:19:58','2013-03-08 16:19:58'),(2,'participante','2013-03-08 16:22:54','2013-03-10 22:38:37');
/*!40000 ALTER TABLE `roles` ENABLE KEYS */;
UNLOCK TABLES;

--
-- Table structure for table `schema_migrations`
--

DROP TABLE IF EXISTS `schema_migrations`;
/*!40101 SET @saved_cs_client     = @@character_set_client */;
/*!40101 SET character_set_client = utf8 */;
CREATE TABLE `schema_migrations` (
  `version` varchar(255) COLLATE utf8_unicode_ci NOT NULL,
  UNIQUE KEY `unique_schema_migrations` (`version`)
) ENGINE=InnoDB DEFAULT CHARSET=utf8 COLLATE=utf8_unicode_ci;
/*!40101 SET character_set_client = @saved_cs_client */;

--
-- Dumping data for table `schema_migrations`
--

LOCK TABLES `schema_migrations` WRITE;
/*!40000 ALTER TABLE `schema_migrations` DISABLE KEYS */;
INSERT INTO `schema_migrations` VALUES ('20120201182115'),('20120224180650'),('20120224181028'),('20120302182538'),('20120410182942'),('20130308142159'),('20130308142221'),('20130308142239'),('20130308142253'),('20130308142310'),('20130308142722'),('20130308143301'),('20130308143318'),('20130311113917'),('20130311114425'),('20130311135742'),('20130311135840'),('20130314151201'),('20130314151625'),('20130318132715'),('20130411133750'),('20130411140206'),('20130522160832');
/*!40000 ALTER TABLE `schema_migrations` ENABLE KEYS */;
UNLOCK TABLES;

--
-- Table structure for table `tacticas`
--

DROP TABLE IF EXISTS `tacticas`;
/*!40101 SET @saved_cs_client     = @@character_set_client */;
/*!40101 SET character_set_client = utf8 */;
CREATE TABLE `tacticas` (
  `id` int(11) NOT NULL AUTO_INCREMENT,
  `nombre` varchar(255) COLLATE utf8_unicode_ci DEFAULT NULL,
  `created_at` datetime NOT NULL,
  `updated_at` datetime NOT NULL,
  PRIMARY KEY (`id`)
) ENGINE=InnoDB AUTO_INCREMENT=3 DEFAULT CHARSET=utf8 COLLATE=utf8_unicode_ci;
/*!40101 SET character_set_client = @saved_cs_client */;

--
-- Dumping data for table `tacticas`
--

LOCK TABLES `tacticas` WRITE;
/*!40000 ALTER TABLE `tacticas` DISABLE KEYS */;
INSERT INTO `tacticas` VALUES (1,'442','2013-03-11 14:01:46','2013-03-11 14:01:46'),(2,'433','2013-03-11 14:01:55','2013-03-11 14:01:55');
/*!40000 ALTER TABLE `tacticas` ENABLE KEYS */;
UNLOCK TABLES;

--
-- Table structure for table `user_roles`
--

DROP TABLE IF EXISTS `user_roles`;
/*!40101 SET @saved_cs_client     = @@character_set_client */;
/*!40101 SET character_set_client = utf8 */;
CREATE TABLE `user_roles` (
  `id` int(11) NOT NULL AUTO_INCREMENT,
  `user_id` int(11) DEFAULT NULL,
  `role_id` int(11) DEFAULT NULL,
  `created_at` datetime NOT NULL,
  `updated_at` datetime NOT NULL,
  PRIMARY KEY (`id`)
) ENGINE=InnoDB AUTO_INCREMENT=3 DEFAULT CHARSET=utf8 COLLATE=utf8_unicode_ci;
/*!40101 SET character_set_client = @saved_cs_client */;

--
-- Dumping data for table `user_roles`
--

LOCK TABLES `user_roles` WRITE;
/*!40000 ALTER TABLE `user_roles` DISABLE KEYS */;
INSERT INTO `user_roles` VALUES (1,1,1,'2013-03-08 16:20:22','2013-03-08 16:20:22'),(2,2,2,'2013-04-04 15:21:18','2013-04-04 15:21:18');
/*!40000 ALTER TABLE `user_roles` ENABLE KEYS */;
UNLOCK TABLES;

--
-- Table structure for table `users`
--

DROP TABLE IF EXISTS `users`;
/*!40101 SET @saved_cs_client     = @@character_set_client */;
/*!40101 SET character_set_client = utf8 */;
CREATE TABLE `users` (
  `id` int(11) NOT NULL AUTO_INCREMENT,
  `email` varchar(255) COLLATE utf8_unicode_ci NOT NULL DEFAULT '',
  `encrypted_password` varchar(255) COLLATE utf8_unicode_ci NOT NULL DEFAULT '',
  `reset_password_token` varchar(255) COLLATE utf8_unicode_ci DEFAULT NULL,
  `reset_password_sent_at` datetime DEFAULT NULL,
  `remember_created_at` datetime DEFAULT NULL,
  `sign_in_count` int(11) DEFAULT '0',
  `current_sign_in_at` datetime DEFAULT NULL,
  `last_sign_in_at` datetime DEFAULT NULL,
  `current_sign_in_ip` varchar(255) COLLATE utf8_unicode_ci DEFAULT NULL,
  `last_sign_in_ip` varchar(255) COLLATE utf8_unicode_ci DEFAULT NULL,
  `created_at` datetime NOT NULL,
  `updated_at` datetime NOT NULL,
  PRIMARY KEY (`id`),
  UNIQUE KEY `index_users_on_email` (`email`),
  UNIQUE KEY `index_users_on_reset_password_token` (`reset_password_token`)
) ENGINE=InnoDB AUTO_INCREMENT=3 DEFAULT CHARSET=utf8 COLLATE=utf8_unicode_ci;
/*!40101 SET character_set_client = @saved_cs_client */;

--
-- Dumping data for table `users`
--

LOCK TABLES `users` WRITE;
/*!40000 ALTER TABLE `users` DISABLE KEYS */;
INSERT INTO `users` VALUES (1,'pelly87@hotmail.com','$2a$10$HhM1xdhl9MODbXTnz3s7kO2oy7frZMnfLq9Ym7lsLnavQv9KwItfK',NULL,NULL,NULL,45,'2013-06-05 11:32:10','2013-06-04 12:53:59','127.0.0.1','127.0.0.1','2013-03-08 16:02:30','2013-06-05 11:32:10'),(2,'prueba@hotmail.com','$2a$10$UKIdKQPA/0D8bJHW.U62AuEoDDS9QDHoxVEMegIHlzcLdqP84sbJ6',NULL,NULL,NULL,2,'2013-06-03 13:39:29','2013-04-04 15:22:12','127.0.0.1','127.0.0.1','2013-04-04 15:21:18','2013-06-03 13:39:29');
/*!40000 ALTER TABLE `users` ENABLE KEYS */;
UNLOCK TABLES;
/*!40103 SET TIME_ZONE=@OLD_TIME_ZONE */;

/*!40101 SET SQL_MODE=@OLD_SQL_MODE */;
/*!40014 SET FOREIGN_KEY_CHECKS=@OLD_FOREIGN_KEY_CHECKS */;
/*!40014 SET UNIQUE_CHECKS=@OLD_UNIQUE_CHECKS */;
/*!40101 SET CHARACTER_SET_CLIENT=@OLD_CHARACTER_SET_CLIENT */;
/*!40101 SET CHARACTER_SET_RESULTS=@OLD_CHARACTER_SET_RESULTS */;
/*!40101 SET COLLATION_CONNECTION=@OLD_COLLATION_CONNECTION */;
/*!40111 SET SQL_NOTES=@OLD_SQL_NOTES */;

-- Dump completed on 2013-06-05  9:32:44
